[{"model": "choochoo_app.Material", "pk": 0, "fields": {"material_id": "130010001", "human_name": "130010001 Human"}}, {"model": "choochoo_app.Material", "pk": 1, "fields": {"material_id": "132008650", "human_name": "132008650 Human"}}, {"model": "choochoo_app.Material", "pk": 2, "fields": {"material_id": "205003047", "human_name": "205003047 Human"}}, {"model": "choochoo_app.Material", "pk": 3, "fields": {"material_id": "205003049", "human_name": "205003049 Human"}}, {"model": "choochoo_app.Material", "pk": 4, "fields": {"material_id": "205003050", "human_name": "205003050 Human"}}, {"model": "choochoo_app.Material", "pk": 5, "fields": {"material_id": "205003052", "human_name": "205003052 Human"}}, {"model": "choochoo_app.Material", "pk": 6, "fields": {"material_id": "205003055", "human_name": "205003055 Human"}}, {"model": "choochoo_app.Material", "pk": 7, "fields": {"material_id": "205003056", "human_name": "205003056 Human"}}, {"model": "choochoo_app.Material", "pk": 8, "fields": {"material_id": "208755227", "human_name": "208755227 Human"}}, {"model": "choochoo_app.Material", "pk": 9, "fields": {"material_id": "216500596", "human_name": "216500596 Human"}}, {"model": "choochoo_app.Material", "pk": 10, "fields": {"material_id": "260130067", "human_name": "260130067 Human"}}, {"model": "choochoo_app.Material", "pk": 11, "fields": {"material_id": "260130068", "human_name": "260130068 Human"}}, {"model": "choochoo_app.Material", "pk": 12, "fields": {"material_id": "261203613", "human_name": "261203613 Human"}}, {"model": "choochoo_app.Material", "pk": 13, "fields": {"material_id": "261204058", "human_name": "261204058 Human"}}, {"model": "choochoo_app.Material", "pk": 14, "fields": {"material_id": "261204093", "human_name": "261204093 Human"}}, {"model": "choochoo_app.Material", "pk": 15, "fields": {"material_id": "261204475", "human_name": "261204475 Human"}}, {"model": "choochoo_app.Material", "pk": 16, "fields": {"material_id": "261204983", "human_name": "261204983 Human"}}, {"model": "choochoo_app.Material", "pk": 17, "fields": {"material_id": "261206072", "human_name": "261206072 Human"}}, {"model": "choochoo_app.Material", "pk": 18, "fields": {"material_id": "261206073", "human_name": "261206073 Human"}}, {"model": "choochoo_app.Material", "pk": 19, "fields": {"material_id": "261206074", "human_name": "261206074 Human"}}, {"model": "choochoo_app.Material", "pk": 20, "fields": {"material_id": "261206075", "human_name": "261206075 Human"}}, {"model": "choochoo_app.Material", "pk": 21, "fields": {"material_id": "261206273", "human_name": "261206273 Human"}}, {"model": "choochoo_app.Material", "pk": 22, "fields": {"material_id": "261207421", "human_name": "261207421 Human"}}, {"model": "choochoo_app.Material", "pk": 23, "fields": {"material_id": "261207422", "human_name": "261207422 Human"}}, {"model": "choochoo_app.Material", "pk": 24, "fields": {"material_id": "261207423", "human_name": "261207423 Human"}}, {"model": "choochoo_app.Material", "pk": 25, "fields": {"material_id": "261207425", "human_name": "261207425 Human"}}, {"model": "choochoo_app.Material", "pk": 26, "fields": {"material_id": "261207426", "human_name": "261207426 Human"}}, {"model": "choochoo_app.Material", "pk": 27, "fields": {"material_id": "261207720", "human_name": "261207720 Human"}}, {"model": "choochoo_app.Material", "pk": 28, "fields": {"material_id": "261207721", "human_name": "261207721 Human"}}, {"model": "choochoo_app.Material", "pk": 29, "fields": {"material_id": "261207722", "human_name": "261207722 Human"}}, {"model": "choochoo_app.Material", "pk": 30, "fields": {"material_id": "261207723", "human_name": "261207723 Human"}}, {"model": "choochoo_app.Material", "pk": 31, "fields": {"material_id": "261207810", "human_name": "261207810 Human"}}, {"model": "choochoo_app.Material", "pk": 32, "fields": {"material_id": "261207960", "human_name": "261207960 Human"}}, {"model": "choochoo_app.Material", "pk": 33, "fields": {"material_id": "261207961", "human_name": "261207961 Human"}}, {"model": "choochoo_app.Material", "pk": 34, "fields": {"material_id": "261207962", "human_name": "261207962 Human"}}, {"model": "choochoo_app.Material", "pk": 35, "fields": {"material_id": "261207963", "human_name": "261207963 Human"}}, {"model": "choochoo_app.Material", "pk": 36, "fields": {"material_id": "261207964", "human_name": "261207964 Human"}}, {"model": "choochoo_app.Material", "pk": 37, "fields": {"material_id": "261207965", "human_name": "261207965 Human"}}, {"model": "choochoo_app.Material", "pk": 38, "fields": {"material_id": "261208252", "human_name": "261208252 Human"}}, {"model": "choochoo_app.Material", "pk": 39, "fields": {"material_id": "261208253", "human_name": "261208253 Human"}}, {"model": "choochoo_app.Material", "pk": 40, "fields": {"material_id": "261208254", "human_name": "261208254 Human"}}, {"model": "choochoo_app.Material", "pk": 41, "fields": {"material_id": "261208255", "human_name": "261208255 Human"}}, {"model": "choochoo_app.Material", "pk": 42, "fields": {"material_id": "261208256", "human_name": "261208256 Human"}}, {"model": "choochoo_app.Material", "pk": 43, "fields": {"material_id": "261208393", "human_name": "261208393 Human"}}, {"model": "choochoo_app.Material", "pk": 44, "fields": {"material_id": "261208394", "human_name": "261208394 Human"}}, {"model": "choochoo_app.Material", "pk": 45, "fields": {"material_id": "261208396", "human_name": "261208396 Human"}}, {"model": "choochoo_app.Material", "pk": 46, "fields": {"material_id": "261208397", "human_name": "261208397 Human"}}, {"model": "choochoo_app.Material", "pk": 47, "fields": {"material_id": "261208615", "human_name": "261208615 Human"}}, {"model": "choochoo_app.Material", "pk": 48, "fields": {"material_id": "261208669", "human_name": "261208669 Human"}}, {"model": "choochoo_app.Material", "pk": 49, "fields": {"material_id": "261208670", "human_name": "261208670 Human"}}, {"model": "choochoo_app.Material", "pk": 50, "fields": {"material_id": "261208927", "human_name": "261208927 Human"}}, {"model": "choochoo_app.Material", "pk": 51, "fields": {"material_id": "261208929", "human_name": "261208929 Human"}}, {"model": "choochoo_app.Material", "pk": 52, "fields": {"material_id": "261208939", "human_name": "261208939 Human"}}, {"model": "choochoo_app.Material", "pk": 53, "fields": {"material_id": "261208940", "human_name": "261208940 Human"}}, {"model": "choochoo_app.Material", "pk": 54, "fields": {"material_id": "261208941", "human_name": "261208941 Human"}}, {"model": "choochoo_app.Material", "pk": 55, "fields": {"material_id": "026122200F", "human_name": "026122200F Human"}}, {"model": "choochoo_app.Material", "pk": 56, "fields": {"material_id": "026122200L", "human_name": "026122200L Human"}}, {"model": "choochoo_app.Material", "pk": 57, "fields": {"material_id": "026122200M", "human_name": "026122200M Human"}}, {"model": "choochoo_app.Material", "pk": 58, "fields": {"material_id": "026122200N", "human_name": "026122200N Human"}}, {"model": "choochoo_app.Material", "pk": 59, "fields": {"material_id": "026122200P", "human_name": "026122200P Human"}}, {"model": "choochoo_app.Material", "pk": 60, "fields": {"material_id": "026122200T", "human_name": "026122200T Human"}}, {"model": "choochoo_app.Material", "pk": 61, "fields": {"material_id": "026122200V", "human_name": "026122200V Human"}}, {"model": "choochoo_app.Material", "pk": 62, "fields": {"material_id": "026122200Y", "human_name": "026122200Y Human"}}, {"model": "choochoo_app.Material", "pk": 63, "fields": {"material_id": "026122200Z", "human_name": "026122200Z Human"}}, {"model": "choochoo_app.Material", "pk": 64, "fields": {"material_id": "261222010", "human_name": "261222010 Human"}}, {"model": "choochoo_app.Material", "pk": 65, "fields": {"material_id": "261222015", "human_name": "261222015 Human"}}, {"model": "choochoo_app.Material", "pk": 66, "fields": {"material_id": "261222018", "human_name": "261222018 Human"}}, {"model": "choochoo_app.Material", "pk": 67, "fields": {"material_id": "261222019", "human_name": "261222019 Human"}}, {"model": "choochoo_app.Material", "pk": 68, "fields": {"material_id": "026122201A", "human_name": "026122201A Human"}}, {"model": "choochoo_app.Material", "pk": 69, "fields": {"material_id": "026122201B", "human_name": "026122201B Human"}}, {"model": "choochoo_app.Material", "pk": 70, "fields": {"material_id": "026122201C", "human_name": "026122201C Human"}}, {"model": "choochoo_app.Material", "pk": 71, "fields": {"material_id": "026122201E", "human_name": "026122201E Human"}}, {"model": "choochoo_app.Material", "pk": 72, "fields": {"material_id": "026122201G", "human_name": "026122201G Human"}}, {"model": "choochoo_app.Material", "pk": 73, "fields": {"material_id": "261222021", "human_name": "261222021 Human"}}, {"model": "choochoo_app.Material", "pk": 74, "fields": {"material_id": "261222022", "human_name": "261222022 Human"}}, {"model": "choochoo_app.Material", "pk": 75, "fields": {"material_id": "261222038", "human_name": "261222038 Human"}}, {"model": "choochoo_app.Material", "pk": 76, "fields": {"material_id": "261230010", "human_name": "261230010 Human"}}, {"model": "choochoo_app.Material", "pk": 77, "fields": {"material_id": "261230011", "human_name": "261230011 Human"}}, {"model": "choochoo_app.Material", "pk": 78, "fields": {"material_id": "261230015", "human_name": "261230015 Human"}}, {"model": "choochoo_app.Material", "pk": 79, "fields": {"material_id": "261230030", "human_name": "261230030 Human"}}, {"model": "choochoo_app.Material", "pk": 80, "fields": {"material_id": "261230042", "human_name": "261230042 Human"}}, {"model": "choochoo_app.Material", "pk": 81, "fields": {"material_id": "261230049", "human_name": "261230049 Human"}}, {"model": "choochoo_app.Material", "pk": 82, "fields": {"material_id": "261230052", "human_name": "261230052 Human"}}, {"model": "choochoo_app.Material", "pk": 83, "fields": {"material_id": "261230101", "human_name": "261230101 Human"}}, {"model": "choochoo_app.Material", "pk": 84, "fields": {"material_id": "261230145", "human_name": "261230145 Human"}}, {"model": "choochoo_app.Material", "pk": 85, "fields": {"material_id": "261230150", "human_name": "261230150 Human"}}, {"model": "choochoo_app.Material", "pk": 86, "fields": {"material_id": "261230162", "human_name": "261230162 Human"}}, {"model": "choochoo_app.Material", "pk": 87, "fields": {"material_id": "261230174", "human_name": "261230174 Human"}}, {"model": "choochoo_app.Material", "pk": 88, "fields": {"material_id": "261230249", "human_name": "261230249 Human"}}, {"model": "choochoo_app.Material", "pk": 89, "fields": {"material_id": "261230268", "human_name": "261230268 Human"}}, {"model": "choochoo_app.Material", "pk": 90, "fields": {"material_id": "261230283", "human_name": "261230283 Human"}}, {"model": "choochoo_app.Material", "pk": 91, "fields": {"material_id": "261230302", "human_name": "261230302 Human"}}, {"model": "choochoo_app.Material", "pk": 92, "fields": {"material_id": "261230303", "human_name": "261230303 Human"}}, {"model": "choochoo_app.Material", "pk": 93, "fields": {"material_id": "261230313", "human_name": "261230313 Human"}}, {"model": "choochoo_app.Material", "pk": 94, "fields": {"material_id": "261230326", "human_name": "261230326 Human"}}, {"model": "choochoo_app.Material", "pk": 95, "fields": {"material_id": "261230531", "human_name": "261230531 Human"}}, {"model": "choochoo_app.Material", "pk": 96, "fields": {"material_id": "026123202R", "human_name": "026123202R Human"}}, {"model": "choochoo_app.Material", "pk": 97, "fields": {"material_id": "261500076", "human_name": "261500076 Human"}}, {"model": "choochoo_app.Material", "pk": 98, "fields": {"material_id": "261500077", "human_name": "261500077 Human"}}, {"model": "choochoo_app.Material", "pk": 99, "fields": {"material_id": "272230289", "human_name": "272230289 Human"}}, {"model": "choochoo_app.Material", "pk": 100, "fields": {"material_id": "272240284", "human_name": "272240284 Human"}}, {"model": "choochoo_app.Material", "pk": 101, "fields": {"material_id": "273300055", "human_name": "273300055 Human"}}, {"model": "choochoo_app.Material", "pk": 102, "fields": {"material_id": "280130109", "human_name": "280130109 Human"}}, {"model": "choochoo_app.Material", "pk": 103, "fields": {"material_id": "280142300", "human_name": "280142300 Human"}}, {"model": "choochoo_app.Material", "pk": 104, "fields": {"material_id": "280142301", "human_name": "280142301 Human"}}, {"model": "choochoo_app.Material", "pk": 105, "fields": {"material_id": "280142308", "human_name": "280142308 Human"}}, {"model": "choochoo_app.Material", "pk": 106, "fields": {"material_id": "280142309", "human_name": "280142309 Human"}}, {"model": "choochoo_app.Material", "pk": 107, "fields": {"material_id": "280142310", "human_name": "280142310 Human"}}, {"model": "choochoo_app.Material", "pk": 108, "fields": {"material_id": "280142311", "human_name": "280142311 Human"}}, {"model": "choochoo_app.Material", "pk": 109, "fields": {"material_id": "280142312", "human_name": "280142312 Human"}}, {"model": "choochoo_app.Material", "pk": 110, "fields": {"material_id": "280142313", "human_name": "280142313 Human"}}, {"model": "choochoo_app.Material", "pk": 111, "fields": {"material_id": "280142316", "human_name": "280142316 Human"}}, {"model": "choochoo_app.Material", "pk": 112, "fields": {"material_id": "280142318", "human_name": "280142318 Human"}}, {"model": "choochoo_app.Material", "pk": 113, "fields": {"material_id": "280142324", "human_name": "280142324 Human"}}, {"model": "choochoo_app.Material", "pk": 114, "fields": {"material_id": "280142325", "human_name": "280142325 Human"}}, {"model": "choochoo_app.Material", "pk": 115, "fields": {"material_id": "280142326", "human_name": "280142326 Human"}}, {"model": "choochoo_app.Material", "pk": 116, "fields": {"material_id": "280142327", "human_name": "280142327 Human"}}, {"model": "choochoo_app.Material", "pk": 117, "fields": {"material_id": "280142328", "human_name": "280142328 Human"}}, {"model": "choochoo_app.Material", "pk": 118, "fields": {"material_id": "280142329", "human_name": "280142329 Human"}}, {"model": "choochoo_app.Material", "pk": 119, "fields": {"material_id": "280142330", "human_name": "280142330 Human"}}, {"model": "choochoo_app.Material", "pk": 120, "fields": {"material_id": "280142332", "human_name": "280142332 Human"}}, {"model": "choochoo_app.Material", "pk": 121, "fields": {"material_id": "280142333", "human_name": "280142333 Human"}}, {"model": "choochoo_app.Material", "pk": 122, "fields": {"material_id": "280142336", "human_name": "280142336 Human"}}, {"model": "choochoo_app.Material", "pk": 123, "fields": {"material_id": "280142338", "human_name": "280142338 Human"}}, {"model": "choochoo_app.Material", "pk": 124, "fields": {"material_id": "280142339", "human_name": "280142339 Human"}}, {"model": "choochoo_app.Material", "pk": 125, "fields": {"material_id": "280142340", "human_name": "280142340 Human"}}, {"model": "choochoo_app.Material", "pk": 126, "fields": {"material_id": "280142341", "human_name": "280142341 Human"}}, {"model": "choochoo_app.Material", "pk": 127, "fields": {"material_id": "280142342", "human_name": "280142342 Human"}}, {"model": "choochoo_app.Material", "pk": 128, "fields": {"material_id": "280142343", "human_name": "280142343 Human"}}, {"model": "choochoo_app.Material", "pk": 129, "fields": {"material_id": "280142345", "human_name": "280142345 Human"}}, {"model": "choochoo_app.Material", "pk": 130, "fields": {"material_id": "280142346", "human_name": "280142346 Human"}}, {"model": "choochoo_app.Material", "pk": 131, "fields": {"material_id": "280142347", "human_name": "280142347 Human"}}, {"model": "choochoo_app.Material", "pk": 132, "fields": {"material_id": "280142348", "human_name": "280142348 Human"}}, {"model": "choochoo_app.Material", "pk": 133, "fields": {"material_id": "280142353", "human_name": "280142353 Human"}}, {"model": "choochoo_app.Material", "pk": 134, "fields": {"material_id": "280142354", "human_name": "280142354 Human"}}, {"model": "choochoo_app.Material", "pk": 135, "fields": {"material_id": "280142357", "human_name": "280142357 Human"}}, {"model": "choochoo_app.Material", "pk": 136, "fields": {"material_id": "280142359", "human_name": "280142359 Human"}}, {"model": "choochoo_app.Material", "pk": 137, "fields": {"material_id": "280142360", "human_name": "280142360 Human"}}, {"model": "choochoo_app.Material", "pk": 138, "fields": {"material_id": "280142361", "human_name": "280142361 Human"}}, {"model": "choochoo_app.Material", "pk": 139, "fields": {"material_id": "280142362", "human_name": "280142362 Human"}}, {"model": "choochoo_app.Material", "pk": 140, "fields": {"material_id": "280142365", "human_name": "280142365 Human"}}, {"model": "choochoo_app.Material", "pk": 141, "fields": {"material_id": "280142366", "human_name": "280142366 Human"}}, {"model": "choochoo_app.Material", "pk": 142, "fields": {"material_id": "280142367", "human_name": "280142367 Human"}}, {"model": "choochoo_app.Material", "pk": 143, "fields": {"material_id": "280142368", "human_name": "280142368 Human"}}, {"model": "choochoo_app.Material", "pk": 144, "fields": {"material_id": "280142369", "human_name": "280142369 Human"}}, {"model": "choochoo_app.Material", "pk": 145, "fields": {"material_id": "280142370", "human_name": "280142370 Human"}}, {"model": "choochoo_app.Material", "pk": 146, "fields": {"material_id": "280142373", "human_name": "280142373 Human"}}, {"model": "choochoo_app.Material", "pk": 147, "fields": {"material_id": "280142374", "human_name": "280142374 Human"}}, {"model": "choochoo_app.Material", "pk": 148, "fields": {"material_id": "280142375", "human_name": "280142375 Human"}}, {"model": "choochoo_app.Material", "pk": 149, "fields": {"material_id": "280142376", "human_name": "280142376 Human"}}, {"model": "choochoo_app.Material", "pk": 150, "fields": {"material_id": "280142377", "human_name": "280142377 Human"}}, {"model": "choochoo_app.Material", "pk": 151, "fields": {"material_id": "280142378", "human_name": "280142378 Human"}}, {"model": "choochoo_app.Material", "pk": 152, "fields": {"material_id": "280142379", "human_name": "280142379 Human"}}, {"model": "choochoo_app.Material", "pk": 153, "fields": {"material_id": "280142380", "human_name": "280142380 Human"}}, {"model": "choochoo_app.Material", "pk": 154, "fields": {"material_id": "280142381", "human_name": "280142381 Human"}}, {"model": "choochoo_app.Material", "pk": 155, "fields": {"material_id": "280142382", "human_name": "280142382 Human"}}, {"model": "choochoo_app.Material", "pk": 156, "fields": {"material_id": "280142383", "human_name": "280142383 Human"}}, {"model": "choochoo_app.Material", "pk": 157, "fields": {"material_id": "280142384", "human_name": "280142384 Human"}}, {"model": "choochoo_app.Material", "pk": 158, "fields": {"material_id": "280142385", "human_name": "280142385 Human"}}, {"model": "choochoo_app.Material", "pk": 159, "fields": {"material_id": "280142386", "human_name": "280142386 Human"}}, {"model": "choochoo_app.Material", "pk": 160, "fields": {"material_id": "280142389", "human_name": "280142389 Human"}}, {"model": "choochoo_app.Material", "pk": 161, "fields": {"material_id": "280142390", "human_name": "280142390 Human"}}, {"model": "choochoo_app.Material", "pk": 162, "fields": {"material_id": "280142391", "human_name": "280142391 Human"}}, {"model": "choochoo_app.Material", "pk": 163, "fields": {"material_id": "280142392", "human_name": "280142392 Human"}}, {"model": "choochoo_app.Material", "pk": 164, "fields": {"material_id": "280142393", "human_name": "280142393 Human"}}, {"model": "choochoo_app.Material", "pk": 165, "fields": {"material_id": "280142394", "human_name": "280142394 Human"}}, {"model": "choochoo_app.Material", "pk": 166, "fields": {"material_id": "280142395", "human_name": "280142395 Human"}}, {"model": "choochoo_app.Material", "pk": 167, "fields": {"material_id": "280142397", "human_name": "280142397 Human"}}, {"model": "choochoo_app.Material", "pk": 168, "fields": {"material_id": "280142398", "human_name": "280142398 Human"}}, {"model": "choochoo_app.Material", "pk": 169, "fields": {"material_id": "280142399", "human_name": "280142399 Human"}}, {"model": "choochoo_app.Material", "pk": 170, "fields": {"material_id": "280142401", "human_name": "280142401 Human"}}, {"model": "choochoo_app.Material", "pk": 171, "fields": {"material_id": "280142402", "human_name": "280142402 Human"}}, {"model": "choochoo_app.Material", "pk": 172, "fields": {"material_id": "280142403", "human_name": "280142403 Human"}}, {"model": "choochoo_app.Material", "pk": 173, "fields": {"material_id": "280142404", "human_name": "280142404 Human"}}, {"model": "choochoo_app.Material", "pk": 174, "fields": {"material_id": "280142407", "human_name": "280142407 Human"}}, {"model": "choochoo_app.Material", "pk": 175, "fields": {"material_id": "280142408", "human_name": "280142408 Human"}}, {"model": "choochoo_app.Material", "pk": 176, "fields": {"material_id": "028014240B", "human_name": "028014240B Human"}}, {"model": "choochoo_app.Material", "pk": 177, "fields": {"material_id": "028014240C", "human_name": "028014240C Human"}}, {"model": "choochoo_app.Material", "pk": 178, "fields": {"material_id": "028014240D", "human_name": "028014240D Human"}}, {"model": "choochoo_app.Material", "pk": 179, "fields": {"material_id": "028014240K", "human_name": "028014240K Human"}}, {"model": "choochoo_app.Material", "pk": 180, "fields": {"material_id": "028014240M", "human_name": "028014240M Human"}}, {"model": "choochoo_app.Material", "pk": 181, "fields": {"material_id": "028014240W", "human_name": "028014240W Human"}}, {"model": "choochoo_app.Material", "pk": 182, "fields": {"material_id": "028014240X", "human_name": "028014240X Human"}}, {"model": "choochoo_app.Material", "pk": 183, "fields": {"material_id": "028014240Z", "human_name": "028014240Z Human"}}, {"model": "choochoo_app.Material", "pk": 184, "fields": {"material_id": "280142411", "human_name": "280142411 Human"}}, {"model": "choochoo_app.Material", "pk": 185, "fields": {"material_id": "280142412", "human_name": "280142412 Human"}}, {"model": "choochoo_app.Material", "pk": 186, "fields": {"material_id": "280142414", "human_name": "280142414 Human"}}, {"model": "choochoo_app.Material", "pk": 187, "fields": {"material_id": "280142415", "human_name": "280142415 Human"}}, {"model": "choochoo_app.Material", "pk": 188, "fields": {"material_id": "280142419", "human_name": "280142419 Human"}}, {"model": "choochoo_app.Material", "pk": 189, "fields": {"material_id": "280142420", "human_name": "280142420 Human"}}, {"model": "choochoo_app.Material", "pk": 190, "fields": {"material_id": "280142421", "human_name": "280142421 Human"}}, {"model": "choochoo_app.Material", "pk": 191, "fields": {"material_id": "280142423", "human_name": "280142423 Human"}}, {"model": "choochoo_app.Material", "pk": 192, "fields": {"material_id": "280142424", "human_name": "280142424 Human"}}, {"model": "choochoo_app.Material", "pk": 193, "fields": {"material_id": "280142425", "human_name": "280142425 Human"}}, {"model": "choochoo_app.Material", "pk": 194, "fields": {"material_id": "280142426", "human_name": "280142426 Human"}}, {"model": "choochoo_app.Material", "pk": 195, "fields": {"material_id": "280142427", "human_name": "280142427 Human"}}, {"model": "choochoo_app.Material", "pk": 196, "fields": {"material_id": "280142428", "human_name": "280142428 Human"}}, {"model": "choochoo_app.Material", "pk": 197, "fields": {"material_id": "280142429", "human_name": "280142429 Human"}}, {"model": "choochoo_app.Material", "pk": 198, "fields": {"material_id": "280142430", "human_name": "280142430 Human"}}, {"model": "choochoo_app.Material", "pk": 199, "fields": {"material_id": "280142431", "human_name": "280142431 Human"}}, {"model": "choochoo_app.Material", "pk": 200, "fields": {"material_id": "280142432", "human_name": "280142432 Human"}}, {"model": "choochoo_app.Material", "pk": 201, "fields": {"material_id": "280142433", "human_name": "280142433 Human"}}, {"model": "choochoo_app.Material", "pk": 202, "fields": {"material_id": "280142434", "human_name": "280142434 Human"}}, {"model": "choochoo_app.Material", "pk": 203, "fields": {"material_id": "280142435", "human_name": "280142435 Human"}}, {"model": "choochoo_app.Material", "pk": 204, "fields": {"material_id": "280142436", "human_name": "280142436 Human"}}, {"model": "choochoo_app.Material", "pk": 205, "fields": {"material_id": "280142437", "human_name": "280142437 Human"}}, {"model": "choochoo_app.Material", "pk": 206, "fields": {"material_id": "280142438", "human_name": "280142438 Human"}}, {"model": "choochoo_app.Material", "pk": 207, "fields": {"material_id": "280142439", "human_name": "280142439 Human"}}, {"model": "choochoo_app.Material", "pk": 208, "fields": {"material_id": "280142440", "human_name": "280142440 Human"}}, {"model": "choochoo_app.Material", "pk": 209, "fields": {"material_id": "280142441", "human_name": "280142441 Human"}}, {"model": "choochoo_app.Material", "pk": 210, "fields": {"material_id": "280142442", "human_name": "280142442 Human"}}, {"model": "choochoo_app.Material", "pk": 211, "fields": {"material_id": "280142443", "human_name": "280142443 Human"}}, {"model": "choochoo_app.Material", "pk": 212, "fields": {"material_id": "280142444", "human_name": "280142444 Human"}}, {"model": "choochoo_app.Material", "pk": 213, "fields": {"material_id": "280142445", "human_name": "280142445 Human"}}, {"model": "choochoo_app.Material", "pk": 214, "fields": {"material_id": "280142446", "human_name": "280142446 Human"}}, {"model": "choochoo_app.Material", "pk": 215, "fields": {"material_id": "280142447", "human_name": "280142447 Human"}}, {"model": "choochoo_app.Material", "pk": 216, "fields": {"material_id": "280142448", "human_name": "280142448 Human"}}, {"model": "choochoo_app.Material", "pk": 217, "fields": {"material_id": "280142449", "human_name": "280142449 Human"}}, {"model": "choochoo_app.Material", "pk": 218, "fields": {"material_id": "280142450", "human_name": "280142450 Human"}}, {"model": "choochoo_app.Material", "pk": 219, "fields": {"material_id": "280142451", "human_name": "280142451 Human"}}, {"model": "choochoo_app.Material", "pk": 220, "fields": {"material_id": "280142452", "human_name": "280142452 Human"}}, {"model": "choochoo_app.Material", "pk": 221, "fields": {"material_id": "280142453", "human_name": "280142453 Human"}}, {"model": "choochoo_app.Material", "pk": 222, "fields": {"material_id": "280142454", "human_name": "280142454 Human"}}, {"model": "choochoo_app.Material", "pk": 223, "fields": {"material_id": "280142455", "human_name": "280142455 Human"}}, {"model": "choochoo_app.Material", "pk": 224, "fields": {"material_id": "280142456", "human_name": "280142456 Human"}}, {"model": "choochoo_app.Material", "pk": 225, "fields": {"material_id": "280142457", "human_name": "280142457 Human"}}, {"model": "choochoo_app.Material", "pk": 226, "fields": {"material_id": "280142458", "human_name": "280142458 Human"}}, {"model": "choochoo_app.Material", "pk": 227, "fields": {"material_id": "280142459", "human_name": "280142459 Human"}}, {"model": "choochoo_app.Material", "pk": 228, "fields": {"material_id": "280142460", "human_name": "280142460 Human"}}, {"model": "choochoo_app.Material", "pk": 229, "fields": {"material_id": "280142461", "human_name": "280142461 Human"}}, {"model": "choochoo_app.Material", "pk": 230, "fields": {"material_id": "280142464", "human_name": "280142464 Human"}}, {"model": "choochoo_app.Material", "pk": 231, "fields": {"material_id": "280142465", "human_name": "280142465 Human"}}, {"model": "choochoo_app.Material", "pk": 232, "fields": {"material_id": "280142466", "human_name": "280142466 Human"}}, {"model": "choochoo_app.Material", "pk": 233, "fields": {"material_id": "280142467", "human_name": "280142467 Human"}}, {"model": "choochoo_app.Material", "pk": 234, "fields": {"material_id": "280142468", "human_name": "280142468 Human"}}, {"model": "choochoo_app.Material", "pk": 235, "fields": {"material_id": "280142469", "human_name": "280142469 Human"}}, {"model": "choochoo_app.Material", "pk": 236, "fields": {"material_id": "280142470", "human_name": "280142470 Human"}}, {"model": "choochoo_app.Material", "pk": 237, "fields": {"material_id": "280142471", "human_name": "280142471 Human"}}, {"model": "choochoo_app.Material", "pk": 238, "fields": {"material_id": "280142472", "human_name": "280142472 Human"}}, {"model": "choochoo_app.Material", "pk": 239, "fields": {"material_id": "280142477", "human_name": "280142477 Human"}}, {"model": "choochoo_app.Material", "pk": 240, "fields": {"material_id": "280142478", "human_name": "280142478 Human"}}, {"model": "choochoo_app.Material", "pk": 241, "fields": {"material_id": "280142479", "human_name": "280142479 Human"}}, {"model": "choochoo_app.Material", "pk": 242, "fields": {"material_id": "280142480", "human_name": "280142480 Human"}}, {"model": "choochoo_app.Material", "pk": 243, "fields": {"material_id": "280142481", "human_name": "280142481 Human"}}, {"model": "choochoo_app.Material", "pk": 244, "fields": {"material_id": "280142482", "human_name": "280142482 Human"}}, {"model": "choochoo_app.Material", "pk": 245, "fields": {"material_id": "280142483", "human_name": "280142483 Human"}}, {"model": "choochoo_app.Material", "pk": 246, "fields": {"material_id": "280142484", "human_name": "280142484 Human"}}, {"model": "choochoo_app.Material", "pk": 247, "fields": {"material_id": "280142485", "human_name": "280142485 Human"}}, {"model": "choochoo_app.Material", "pk": 248, "fields": {"material_id": "280142486", "human_name": "280142486 Human"}}, {"model": "choochoo_app.Material", "pk": 249, "fields": {"material_id": "280142487", "human_name": "280142487 Human"}}, {"model": "choochoo_app.Material", "pk": 250, "fields": {"material_id": "280142488", "human_name": "280142488 Human"}}, {"model": "choochoo_app.Material", "pk": 251, "fields": {"material_id": "280142489", "human_name": "280142489 Human"}}, {"model": "choochoo_app.Material", "pk": 252, "fields": {"material_id": "280142490", "human_name": "280142490 Human"}}, {"model": "choochoo_app.Material", "pk": 253, "fields": {"material_id": "280142492", "human_name": "280142492 Human"}}, {"model": "choochoo_app.Material", "pk": 254, "fields": {"material_id": "280142493", "human_name": "280142493 Human"}}, {"model": "choochoo_app.Material", "pk": 255, "fields": {"material_id": "280142494", "human_name": "280142494 Human"}}, {"model": "choochoo_app.Material", "pk": 256, "fields": {"material_id": "280142495", "human_name": "280142495 Human"}}, {"model": "choochoo_app.Material", "pk": 257, "fields": {"material_id": "280142496", "human_name": "280142496 Human"}}, {"model": "choochoo_app.Material", "pk": 258, "fields": {"material_id": "280142497", "human_name": "280142497 Human"}}, {"model": "choochoo_app.Material", "pk": 259, "fields": {"material_id": "280142498", "human_name": "280142498 Human"}}, {"model": "choochoo_app.Material", "pk": 260, "fields": {"material_id": "280142499", "human_name": "280142499 Human"}}, {"model": "choochoo_app.Material", "pk": 261, "fields": {"material_id": "280142500", "human_name": "280142500 Human"}}, {"model": "choochoo_app.Material", "pk": 262, "fields": {"material_id": "280142501", "human_name": "280142501 Human"}}, {"model": "choochoo_app.Material", "pk": 263, "fields": {"material_id": "280142502", "human_name": "280142502 Human"}}, {"model": "choochoo_app.Material", "pk": 264, "fields": {"material_id": "280142503", "human_name": "280142503 Human"}}, {"model": "choochoo_app.Material", "pk": 265, "fields": {"material_id": "280142504", "human_name": "280142504 Human"}}, {"model": "choochoo_app.Material", "pk": 266, "fields": {"material_id": "280142505", "human_name": "280142505 Human"}}, {"model": "choochoo_app.Material", "pk": 267, "fields": {"material_id": "280142506", "human_name": "280142506 Human"}}, {"model": "choochoo_app.Material", "pk": 268, "fields": {"material_id": "280142507", "human_name": "280142507 Human"}}, {"model": "choochoo_app.Material", "pk": 269, "fields": {"material_id": "280142508", "human_name": "280142508 Human"}}, {"model": "choochoo_app.Material", "pk": 270, "fields": {"material_id": "280142509", "human_name": "280142509 Human"}}, {"model": "choochoo_app.Material", "pk": 271, "fields": {"material_id": "280142510", "human_name": "280142510 Human"}}, {"model": "choochoo_app.Material", "pk": 272, "fields": {"material_id": "280142511", "human_name": "280142511 Human"}}, {"model": "choochoo_app.Material", "pk": 273, "fields": {"material_id": "280142512", "human_name": "280142512 Human"}}, {"model": "choochoo_app.Material", "pk": 274, "fields": {"material_id": "280142513", "human_name": "280142513 Human"}}, {"model": "choochoo_app.Material", "pk": 275, "fields": {"material_id": "280142514", "human_name": "280142514 Human"}}, {"model": "choochoo_app.Material", "pk": 276, "fields": {"material_id": "280142515", "human_name": "280142515 Human"}}, {"model": "choochoo_app.Material", "pk": 277, "fields": {"material_id": "280142516", "human_name": "280142516 Human"}}, {"model": "choochoo_app.Material", "pk": 278, "fields": {"material_id": "280142517", "human_name": "280142517 Human"}}, {"model": "choochoo_app.Material", "pk": 279, "fields": {"material_id": "280142518", "human_name": "280142518 Human"}}, {"model": "choochoo_app.Material", "pk": 280, "fields": {"material_id": "280142519", "human_name": "280142519 Human"}}, {"model": "choochoo_app.Material", "pk": 281, "fields": {"material_id": "280142520", "human_name": "280142520 Human"}}, {"model": "choochoo_app.Material", "pk": 282, "fields": {"material_id": "280142521", "human_name": "280142521 Human"}}, {"model": "choochoo_app.Material", "pk": 283, "fields": {"material_id": "280142522", "human_name": "280142522 Human"}}, {"model": "choochoo_app.Material", "pk": 284, "fields": {"material_id": "280142523", "human_name": "280142523 Human"}}, {"model": "choochoo_app.Material", "pk": 285, "fields": {"material_id": "280142524", "human_name": "280142524 Human"}}, {"model": "choochoo_app.Material", "pk": 286, "fields": {"material_id": "280142525", "human_name": "280142525 Human"}}, {"model": "choochoo_app.Material", "pk": 287, "fields": {"material_id": "280142526", "human_name": "280142526 Human"}}, {"model": "choochoo_app.Material", "pk": 288, "fields": {"material_id": "280142527", "human_name": "280142527 Human"}}, {"model": "choochoo_app.Material", "pk": 289, "fields": {"material_id": "280142528", "human_name": "280142528 Human"}}, {"model": "choochoo_app.Material", "pk": 290, "fields": {"material_id": "280142529", "human_name": "280142529 Human"}}, {"model": "choochoo_app.Material", "pk": 291, "fields": {"material_id": "280142530", "human_name": "280142530 Human"}}, {"model": "choochoo_app.Material", "pk": 292, "fields": {"material_id": "280142531", "human_name": "280142531 Human"}}, {"model": "choochoo_app.Material", "pk": 293, "fields": {"material_id": "280142532", "human_name": "280142532 Human"}}, {"model": "choochoo_app.Material", "pk": 294, "fields": {"material_id": "280142533", "human_name": "280142533 Human"}}, {"model": "choochoo_app.Material", "pk": 295, "fields": {"material_id": "280142534", "human_name": "280142534 Human"}}, {"model": "choochoo_app.Material", "pk": 296, "fields": {"material_id": "280142535", "human_name": "280142535 Human"}}, {"model": "choochoo_app.Material", "pk": 297, "fields": {"material_id": "280142536", "human_name": "280142536 Human"}}, {"model": "choochoo_app.Material", "pk": 298, "fields": {"material_id": "280142537", "human_name": "280142537 Human"}}, {"model": "choochoo_app.Material", "pk": 299, "fields": {"material_id": "280142539", "human_name": "280142539 Human"}}, {"model": "choochoo_app.Material", "pk": 300, "fields": {"material_id": "280142540", "human_name": "280142540 Human"}}, {"model": "choochoo_app.Material", "pk": 301, "fields": {"material_id": "280142541", "human_name": "280142541 Human"}}, {"model": "choochoo_app.Material", "pk": 302, "fields": {"material_id": "280142542", "human_name": "280142542 Human"}}, {"model": "choochoo_app.Material", "pk": 303, "fields": {"material_id": "280142543", "human_name": "280142543 Human"}}, {"model": "choochoo_app.Material", "pk": 304, "fields": {"material_id": "280142544", "human_name": "280142544 Human"}}, {"model": "choochoo_app.Material", "pk": 305, "fields": {"material_id": "280142545", "human_name": "280142545 Human"}}, {"model": "choochoo_app.Material", "pk": 306, "fields": {"material_id": "280142546", "human_name": "280142546 Human"}}, {"model": "choochoo_app.Material", "pk": 307, "fields": {"material_id": "280142547", "human_name": "280142547 Human"}}, {"model": "choochoo_app.Material", "pk": 308, "fields": {"material_id": "280142548", "human_name": "280142548 Human"}}, {"model": "choochoo_app.Material", "pk": 309, "fields": {"material_id": "280142551", "human_name": "280142551 Human"}}, {"model": "choochoo_app.Material", "pk": 310, "fields": {"material_id": "280142553", "human_name": "280142553 Human"}}, {"model": "choochoo_app.Material", "pk": 311, "fields": {"material_id": "280142560", "human_name": "280142560 Human"}}, {"model": "choochoo_app.Material", "pk": 312, "fields": {"material_id": "280142561", "human_name": "280142561 Human"}}, {"model": "choochoo_app.Material", "pk": 313, "fields": {"material_id": "280142564", "human_name": "280142564 Human"}}, {"model": "choochoo_app.Material", "pk": 314, "fields": {"material_id": "280142565", "human_name": "280142565 Human"}}, {"model": "choochoo_app.Material", "pk": 315, "fields": {"material_id": "280142566", "human_name": "280142566 Human"}}, {"model": "choochoo_app.Material", "pk": 316, "fields": {"material_id": "280142567", "human_name": "280142567 Human"}}, {"model": "choochoo_app.Material", "pk": 317, "fields": {"material_id": "280142568", "human_name": "280142568 Human"}}, {"model": "choochoo_app.Material", "pk": 318, "fields": {"material_id": "280142569", "human_name": "280142569 Human"}}, {"model": "choochoo_app.Material", "pk": 319, "fields": {"material_id": "280142570", "human_name": "280142570 Human"}}, {"model": "choochoo_app.Material", "pk": 320, "fields": {"material_id": "280142571", "human_name": "280142571 Human"}}, {"model": "choochoo_app.Material", "pk": 321, "fields": {"material_id": "280142572", "human_name": "280142572 Human"}}, {"model": "choochoo_app.Material", "pk": 322, "fields": {"material_id": "280142573", "human_name": "280142573 Human"}}, {"model": "choochoo_app.Material", "pk": 323, "fields": {"material_id": "280142574", "human_name": "280142574 Human"}}, {"model": "choochoo_app.Material", "pk": 324, "fields": {"material_id": "280142575", "human_name": "280142575 Human"}}, {"model": "choochoo_app.Material", "pk": 325, "fields": {"material_id": "280142576", "human_name": "280142576 Human"}}, {"model": "choochoo_app.Material", "pk": 326, "fields": {"material_id": "280142577", "human_name": "280142577 Human"}}, {"model": "choochoo_app.Material", "pk": 327, "fields": {"material_id": "280142578", "human_name": "280142578 Human"}}, {"model": "choochoo_app.Material", "pk": 328, "fields": {"material_id": "280142579", "human_name": "280142579 Human"}}, {"model": "choochoo_app.Material", "pk": 329, "fields": {"material_id": "280142580", "human_name": "280142580 Human"}}, {"model": "choochoo_app.Material", "pk": 330, "fields": {"material_id": "280142581", "human_name": "280142581 Human"}}, {"model": "choochoo_app.Material", "pk": 331, "fields": {"material_id": "280142584", "human_name": "280142584 Human"}}, {"model": "choochoo_app.Material", "pk": 332, "fields": {"material_id": "280142585", "human_name": "280142585 Human"}}, {"model": "choochoo_app.Material", "pk": 333, "fields": {"material_id": "280142586", "human_name": "280142586 Human"}}, {"model": "choochoo_app.Material", "pk": 334, "fields": {"material_id": "280142587", "human_name": "280142587 Human"}}, {"model": "choochoo_app.Material", "pk": 335, "fields": {"material_id": "280142588", "human_name": "280142588 Human"}}, {"model": "choochoo_app.Material", "pk": 336, "fields": {"material_id": "280142589", "human_name": "280142589 Human"}}, {"model": "choochoo_app.Material", "pk": 337, "fields": {"material_id": "280142590", "human_name": "280142590 Human"}}, {"model": "choochoo_app.Material", "pk": 338, "fields": {"material_id": "280142591", "human_name": "280142591 Human"}}, {"model": "choochoo_app.Material", "pk": 339, "fields": {"material_id": "280142592", "human_name": "280142592 Human"}}, {"model": "choochoo_app.Material", "pk": 340, "fields": {"material_id": "280142593", "human_name": "280142593 Human"}}, {"model": "choochoo_app.Material", "pk": 341, "fields": {"material_id": "280142594", "human_name": "280142594 Human"}}, {"model": "choochoo_app.Material", "pk": 342, "fields": {"material_id": "280142595", "human_name": "280142595 Human"}}, {"model": "choochoo_app.Material", "pk": 343, "fields": {"material_id": "280142596", "human_name": "280142596 Human"}}, {"model": "choochoo_app.Material", "pk": 344, "fields": {"material_id": "280142597", "human_name": "280142597 Human"}}, {"model": "choochoo_app.Material", "pk": 345, "fields": {"material_id": "280142600", "human_name": "280142600 Human"}}, {"model": "choochoo_app.Material", "pk": 346, "fields": {"material_id": "280142605", "human_name": "280142605 Human"}}, {"model": "choochoo_app.Material", "pk": 347, "fields": {"material_id": "280142606", "human_name": "280142606 Human"}}, {"model": "choochoo_app.Material", "pk": 348, "fields": {"material_id": "280142607", "human_name": "280142607 Human"}}, {"model": "choochoo_app.Material", "pk": 349, "fields": {"material_id": "280142608", "human_name": "280142608 Human"}}, {"model": "choochoo_app.Material", "pk": 350, "fields": {"material_id": "280142609", "human_name": "280142609 Human"}}, {"model": "choochoo_app.Material", "pk": 351, "fields": {"material_id": "280142610", "human_name": "280142610 Human"}}, {"model": "choochoo_app.Material", "pk": 352, "fields": {"material_id": "280142611", "human_name": "280142611 Human"}}, {"model": "choochoo_app.Material", "pk": 353, "fields": {"material_id": "280142612", "human_name": "280142612 Human"}}, {"model": "choochoo_app.Material", "pk": 354, "fields": {"material_id": "280142613", "human_name": "280142613 Human"}}, {"model": "choochoo_app.Material", "pk": 355, "fields": {"material_id": "280142614", "human_name": "280142614 Human"}}, {"model": "choochoo_app.Material", "pk": 356, "fields": {"material_id": "028015000F", "human_name": "028015000F Human"}}, {"model": "choochoo_app.Material", "pk": 357, "fields": {"material_id": "280150371", "human_name": "280150371 Human"}}, {"model": "choochoo_app.Material", "pk": 358, "fields": {"material_id": "280150421", "human_name": "280150421 Human"}}, {"model": "choochoo_app.Material", "pk": 359, "fields": {"material_id": "280150443", "human_name": "280150443 Human"}}, {"model": "choochoo_app.Material", "pk": 360, "fields": {"material_id": "280150449", "human_name": "280150449 Human"}}, {"model": "choochoo_app.Material", "pk": 361, "fields": {"material_id": "280150693", "human_name": "280150693 Human"}}, {"model": "choochoo_app.Material", "pk": 362, "fields": {"material_id": "280150697", "human_name": "280150697 Human"}}, {"model": "choochoo_app.Material", "pk": 363, "fields": {"material_id": "280150975", "human_name": "280150975 Human"}}, {"model": "choochoo_app.Material", "pk": 364, "fields": {"material_id": "280151000", "human_name": "280151000 Human"}}, {"model": "choochoo_app.Material", "pk": 365, "fields": {"material_id": "280151001", "human_name": "280151001 Human"}}, {"model": "choochoo_app.Material", "pk": 366, "fields": {"material_id": "280151002", "human_name": "280151002 Human"}}, {"model": "choochoo_app.Material", "pk": 367, "fields": {"material_id": "280151004", "human_name": "280151004 Human"}}, {"model": "choochoo_app.Material", "pk": 368, "fields": {"material_id": "280151005", "human_name": "280151005 Human"}}, {"model": "choochoo_app.Material", "pk": 369, "fields": {"material_id": "280151006", "human_name": "280151006 Human"}}, {"model": "choochoo_app.Material", "pk": 370, "fields": {"material_id": "280151007", "human_name": "280151007 Human"}}, {"model": "choochoo_app.Material", "pk": 371, "fields": {"material_id": "280151008", "human_name": "280151008 Human"}}, {"model": "choochoo_app.Material", "pk": 372, "fields": {"material_id": "280151009", "human_name": "280151009 Human"}}, {"model": "choochoo_app.Material", "pk": 373, "fields": {"material_id": "280151010", "human_name": "280151010 Human"}}, {"model": "choochoo_app.Material", "pk": 374, "fields": {"material_id": "280151011", "human_name": "280151011 Human"}}, {"model": "choochoo_app.Material", "pk": 375, "fields": {"material_id": "280151012", "human_name": "280151012 Human"}}, {"model": "choochoo_app.Material", "pk": 376, "fields": {"material_id": "280151014", "human_name": "280151014 Human"}}, {"model": "choochoo_app.Material", "pk": 377, "fields": {"material_id": "280151015", "human_name": "280151015 Human"}}, {"model": "choochoo_app.Material", "pk": 378, "fields": {"material_id": "280151016", "human_name": "280151016 Human"}}, {"model": "choochoo_app.Material", "pk": 379, "fields": {"material_id": "280151017", "human_name": "280151017 Human"}}, {"model": "choochoo_app.Material", "pk": 380, "fields": {"material_id": "280151018", "human_name": "280151018 Human"}}, {"model": "choochoo_app.Material", "pk": 381, "fields": {"material_id": "280151019", "human_name": "280151019 Human"}}, {"model": "choochoo_app.Material", "pk": 382, "fields": {"material_id": "280151020", "human_name": "280151020 Human"}}, {"model": "choochoo_app.Material", "pk": 383, "fields": {"material_id": "280151023", "human_name": "280151023 Human"}}, {"model": "choochoo_app.Material", "pk": 384, "fields": {"material_id": "280151025", "human_name": "280151025 Human"}}, {"model": "choochoo_app.Material", "pk": 385, "fields": {"material_id": "280151026", "human_name": "280151026 Human"}}, {"model": "choochoo_app.Material", "pk": 386, "fields": {"material_id": "280151027", "human_name": "280151027 Human"}}, {"model": "choochoo_app.Material", "pk": 387, "fields": {"material_id": "280151028", "human_name": "280151028 Human"}}, {"model": "choochoo_app.Material", "pk": 388, "fields": {"material_id": "280151029", "human_name": "280151029 Human"}}, {"model": "choochoo_app.Material", "pk": 389, "fields": {"material_id": "280151030", "human_name": "280151030 Human"}}, {"model": "choochoo_app.Material", "pk": 390, "fields": {"material_id": "280151031", "human_name": "280151031 Human"}}, {"model": "choochoo_app.Material", "pk": 391, "fields": {"material_id": "280151032", "human_name": "280151032 Human"}}, {"model": "choochoo_app.Material", "pk": 392, "fields": {"material_id": "280151033", "human_name": "280151033 Human"}}, {"model": "choochoo_app.Material", "pk": 393, "fields": {"material_id": "280151034", "human_name": "280151034 Human"}}, {"model": "choochoo_app.Material", "pk": 394, "fields": {"material_id": "280151035", "human_name": "280151035 Human"}}, {"model": "choochoo_app.Material", "pk": 395, "fields": {"material_id": "280151036", "human_name": "280151036 Human"}}, {"model": "choochoo_app.Material", "pk": 396, "fields": {"material_id": "280151037", "human_name": "280151037 Human"}}, {"model": "choochoo_app.Material", "pk": 397, "fields": {"material_id": "280151038", "human_name": "280151038 Human"}}, {"model": "choochoo_app.Material", "pk": 398, "fields": {"material_id": "280151039", "human_name": "280151039 Human"}}, {"model": "choochoo_app.Material", "pk": 399, "fields": {"material_id": "280151040", "human_name": "280151040 Human"}}, {"model": "choochoo_app.Material", "pk": 400, "fields": {"material_id": "280151041", "human_name": "280151041 Human"}}, {"model": "choochoo_app.Material", "pk": 401, "fields": {"material_id": "280151042", "human_name": "280151042 Human"}}, {"model": "choochoo_app.Material", "pk": 402, "fields": {"material_id": "280151043", "human_name": "280151043 Human"}}, {"model": "choochoo_app.Material", "pk": 403, "fields": {"material_id": "280151044", "human_name": "280151044 Human"}}, {"model": "choochoo_app.Material", "pk": 404, "fields": {"material_id": "280151045", "human_name": "280151045 Human"}}, {"model": "choochoo_app.Material", "pk": 405, "fields": {"material_id": "280151046", "human_name": "280151046 Human"}}, {"model": "choochoo_app.Material", "pk": 406, "fields": {"material_id": "280151047", "human_name": "280151047 Human"}}, {"model": "choochoo_app.Material", "pk": 407, "fields": {"material_id": "280151048", "human_name": "280151048 Human"}}, {"model": "choochoo_app.Material", "pk": 408, "fields": {"material_id": "280151049", "human_name": "280151049 Human"}}, {"model": "choochoo_app.Material", "pk": 409, "fields": {"material_id": "280151050", "human_name": "280151050 Human"}}, {"model": "choochoo_app.Material", "pk": 410, "fields": {"material_id": "280151051", "human_name": "280151051 Human"}}, {"model": "choochoo_app.Material", "pk": 411, "fields": {"material_id": "280151052", "human_name": "280151052 Human"}}, {"model": "choochoo_app.Material", "pk": 412, "fields": {"material_id": "280151053", "human_name": "280151053 Human"}}, {"model": "choochoo_app.Material", "pk": 413, "fields": {"material_id": "280151054", "human_name": "280151054 Human"}}, {"model": "choochoo_app.Material", "pk": 414, "fields": {"material_id": "280151055", "human_name": "280151055 Human"}}, {"model": "choochoo_app.Material", "pk": 415, "fields": {"material_id": "280151056", "human_name": "280151056 Human"}}, {"model": "choochoo_app.Material", "pk": 416, "fields": {"material_id": "280151057", "human_name": "280151057 Human"}}, {"model": "choochoo_app.Material", "pk": 417, "fields": {"material_id": "280151058", "human_name": "280151058 Human"}}, {"model": "choochoo_app.Material", "pk": 418, "fields": {"material_id": "280151059", "human_name": "280151059 Human"}}, {"model": "choochoo_app.Material", "pk": 419, "fields": {"material_id": "280151060", "human_name": "280151060 Human"}}, {"model": "choochoo_app.Material", "pk": 420, "fields": {"material_id": "280151061", "human_name": "280151061 Human"}}, {"model": "choochoo_app.Material", "pk": 421, "fields": {"material_id": "280151062", "human_name": "280151062 Human"}}, {"model": "choochoo_app.Material", "pk": 422, "fields": {"material_id": "280151063", "human_name": "280151063 Human"}}, {"model": "choochoo_app.Material", "pk": 423, "fields": {"material_id": "280151064", "human_name": "280151064 Human"}}, {"model": "choochoo_app.Material", "pk": 424, "fields": {"material_id": "280151065", "human_name": "280151065 Human"}}, {"model": "choochoo_app.Material", "pk": 425, "fields": {"material_id": "280151066", "human_name": "280151066 Human"}}, {"model": "choochoo_app.Material", "pk": 426, "fields": {"material_id": "280151067", "human_name": "280151067 Human"}}, {"model": "choochoo_app.Material", "pk": 427, "fields": {"material_id": "280151068", "human_name": "280151068 Human"}}, {"model": "choochoo_app.Material", "pk": 428, "fields": {"material_id": "280151069", "human_name": "280151069 Human"}}, {"model": "choochoo_app.Material", "pk": 429, "fields": {"material_id": "280151070", "human_name": "280151070 Human"}}, {"model": "choochoo_app.Material", "pk": 430, "fields": {"material_id": "280151071", "human_name": "280151071 Human"}}, {"model": "choochoo_app.Material", "pk": 431, "fields": {"material_id": "280151072", "human_name": "280151072 Human"}}, {"model": "choochoo_app.Material", "pk": 432, "fields": {"material_id": "280151073", "human_name": "280151073 Human"}}, {"model": "choochoo_app.Material", "pk": 433, "fields": {"material_id": "280151075", "human_name": "280151075 Human"}}, {"model": "choochoo_app.Material", "pk": 434, "fields": {"material_id": "280151076", "human_name": "280151076 Human"}}, {"model": "choochoo_app.Material", "pk": 435, "fields": {"material_id": "280151077", "human_name": "280151077 Human"}}, {"model": "choochoo_app.Material", "pk": 436, "fields": {"material_id": "280151078", "human_name": "280151078 Human"}}, {"model": "choochoo_app.Material", "pk": 437, "fields": {"material_id": "280151080", "human_name": "280151080 Human"}}, {"model": "choochoo_app.Material", "pk": 438, "fields": {"material_id": "280151082", "human_name": "280151082 Human"}}, {"model": "choochoo_app.Material", "pk": 439, "fields": {"material_id": "280151083", "human_name": "280151083 Human"}}, {"model": "choochoo_app.Material", "pk": 440, "fields": {"material_id": "280151084", "human_name": "280151084 Human"}}, {"model": "choochoo_app.Material", "pk": 441, "fields": {"material_id": "280151085", "human_name": "280151085 Human"}}, {"model": "choochoo_app.Material", "pk": 442, "fields": {"material_id": "280151086", "human_name": "280151086 Human"}}, {"model": "choochoo_app.Material", "pk": 443, "fields": {"material_id": "280151087", "human_name": "280151087 Human"}}, {"model": "choochoo_app.Material", "pk": 444, "fields": {"material_id": "280151088", "human_name": "280151088 Human"}}, {"model": "choochoo_app.Material", "pk": 445, "fields": {"material_id": "280151089", "human_name": "280151089 Human"}}, {"model": "choochoo_app.Material", "pk": 446, "fields": {"material_id": "280151090", "human_name": "280151090 Human"}}, {"model": "choochoo_app.Material", "pk": 447, "fields": {"material_id": "280151091", "human_name": "280151091 Human"}}, {"model": "choochoo_app.Material", "pk": 448, "fields": {"material_id": "280151202", "human_name": "280151202 Human"}}, {"model": "choochoo_app.Material", "pk": 449, "fields": {"material_id": "280151203", "human_name": "280151203 Human"}}, {"model": "choochoo_app.Material", "pk": 450, "fields": {"material_id": "280151204", "human_name": "280151204 Human"}}, {"model": "choochoo_app.Material", "pk": 451, "fields": {"material_id": "280151205", "human_name": "280151205 Human"}}, {"model": "choochoo_app.Material", "pk": 452, "fields": {"material_id": "280151206", "human_name": "280151206 Human"}}, {"model": "choochoo_app.Material", "pk": 453, "fields": {"material_id": "280151207", "human_name": "280151207 Human"}}, {"model": "choochoo_app.Material", "pk": 454, "fields": {"material_id": "280151208", "human_name": "280151208 Human"}}, {"model": "choochoo_app.Material", "pk": 455, "fields": {"material_id": "280151209", "human_name": "280151209 Human"}}, {"model": "choochoo_app.Material", "pk": 456, "fields": {"material_id": "280151210", "human_name": "280151210 Human"}}, {"model": "choochoo_app.Material", "pk": 457, "fields": {"material_id": "280151213", "human_name": "280151213 Human"}}, {"model": "choochoo_app.Material", "pk": 458, "fields": {"material_id": "280151214", "human_name": "280151214 Human"}}, {"model": "choochoo_app.Material", "pk": 459, "fields": {"material_id": "280151215", "human_name": "280151215 Human"}}, {"model": "choochoo_app.Material", "pk": 460, "fields": {"material_id": "280151216", "human_name": "280151216 Human"}}, {"model": "choochoo_app.Material", "pk": 461, "fields": {"material_id": "280151217", "human_name": "280151217 Human"}}, {"model": "choochoo_app.Material", "pk": 462, "fields": {"material_id": "280151218", "human_name": "280151218 Human"}}, {"model": "choochoo_app.Material", "pk": 463, "fields": {"material_id": "280151219", "human_name": "280151219 Human"}}, {"model": "choochoo_app.Material", "pk": 464, "fields": {"material_id": "280151220", "human_name": "280151220 Human"}}, {"model": "choochoo_app.Material", "pk": 465, "fields": {"material_id": "280151221", "human_name": "280151221 Human"}}, {"model": "choochoo_app.Material", "pk": 466, "fields": {"material_id": "280151222", "human_name": "280151222 Human"}}, {"model": "choochoo_app.Material", "pk": 467, "fields": {"material_id": "280151223", "human_name": "280151223 Human"}}, {"model": "choochoo_app.Material", "pk": 468, "fields": {"material_id": "280151224", "human_name": "280151224 Human"}}, {"model": "choochoo_app.Material", "pk": 469, "fields": {"material_id": "280151225", "human_name": "280151225 Human"}}, {"model": "choochoo_app.Material", "pk": 470, "fields": {"material_id": "280151226", "human_name": "280151226 Human"}}, {"model": "choochoo_app.Material", "pk": 471, "fields": {"material_id": "280151227", "human_name": "280151227 Human"}}, {"model": "choochoo_app.Material", "pk": 472, "fields": {"material_id": "280151230", "human_name": "280151230 Human"}}, {"model": "choochoo_app.Material", "pk": 473, "fields": {"material_id": "280151231", "human_name": "280151231 Human"}}, {"model": "choochoo_app.Material", "pk": 474, "fields": {"material_id": "280151232", "human_name": "280151232 Human"}}, {"model": "choochoo_app.Material", "pk": 475, "fields": {"material_id": "280151233", "human_name": "280151233 Human"}}, {"model": "choochoo_app.Material", "pk": 476, "fields": {"material_id": "280151234", "human_name": "280151234 Human"}}, {"model": "choochoo_app.Material", "pk": 477, "fields": {"material_id": "280151235", "human_name": "280151235 Human"}}, {"model": "choochoo_app.Material", "pk": 478, "fields": {"material_id": "280151237", "human_name": "280151237 Human"}}, {"model": "choochoo_app.Material", "pk": 479, "fields": {"material_id": "280151239", "human_name": "280151239 Human"}}, {"model": "choochoo_app.Material", "pk": 480, "fields": {"material_id": "280151244", "human_name": "280151244 Human"}}, {"model": "choochoo_app.Material", "pk": 481, "fields": {"material_id": "280151245", "human_name": "280151245 Human"}}, {"model": "choochoo_app.Material", "pk": 482, "fields": {"material_id": "280151246", "human_name": "280151246 Human"}}, {"model": "choochoo_app.Material", "pk": 483, "fields": {"material_id": "280151247", "human_name": "280151247 Human"}}, {"model": "choochoo_app.Material", "pk": 484, "fields": {"material_id": "280151248", "human_name": "280151248 Human"}}, {"model": "choochoo_app.Material", "pk": 485, "fields": {"material_id": "280151249", "human_name": "280151249 Human"}}, {"model": "choochoo_app.Material", "pk": 486, "fields": {"material_id": "280151250", "human_name": "280151250 Human"}}, {"model": "choochoo_app.Material", "pk": 487, "fields": {"material_id": "280151251", "human_name": "280151251 Human"}}, {"model": "choochoo_app.Material", "pk": 488, "fields": {"material_id": "280151252", "human_name": "280151252 Human"}}, {"model": "choochoo_app.Material", "pk": 489, "fields": {"material_id": "280151253", "human_name": "280151253 Human"}}, {"model": "choochoo_app.Material", "pk": 490, "fields": {"material_id": "280151254", "human_name": "280151254 Human"}}, {"model": "choochoo_app.Material", "pk": 491, "fields": {"material_id": "280151255", "human_name": "280151255 Human"}}, {"model": "choochoo_app.Material", "pk": 492, "fields": {"material_id": "280151256", "human_name": "280151256 Human"}}, {"model": "choochoo_app.Material", "pk": 493, "fields": {"material_id": "280151257", "human_name": "280151257 Human"}}, {"model": "choochoo_app.Material", "pk": 494, "fields": {"material_id": "280151258", "human_name": "280151258 Human"}}, {"model": "choochoo_app.Material", "pk": 495, "fields": {"material_id": "280151259", "human_name": "280151259 Human"}}, {"model": "choochoo_app.Material", "pk": 496, "fields": {"material_id": "280151260", "human_name": "280151260 Human"}}, {"model": "choochoo_app.Material", "pk": 497, "fields": {"material_id": "280151261", "human_name": "280151261 Human"}}, {"model": "choochoo_app.Material", "pk": 498, "fields": {"material_id": "280151262", "human_name": "280151262 Human"}}, {"model": "choochoo_app.Material", "pk": 499, "fields": {"material_id": "280151263", "human_name": "280151263 Human"}}, {"model": "choochoo_app.Station", "pk": 0, "fields": {"is_warehouse": true}}, {"model": "choochoo_app.Station", "pk": 1, "fields": {"is_warehouse": false}}, {"model": "choochoo_app.Station", "pk": 2, "fields": {"is_warehouse": false}}, {"model": "choochoo_app.Station", "pk": 3, "fields": {"is_warehouse": false}}, {"model": "choochoo_app.Station", "pk": 4, "fields": {"is_warehouse": false}}, {"model": "choochoo_app.Station", "pk": 5, "fields": {"is_warehouse": false}}, {"model": "choochoo_app.Station", "pk": 6, "fields": {"is_warehouse": false}}, {"model": "choochoo_app.Station", "pk": 7, "fields": {"is_warehouse": false}}, {"model": "choochoo_app.Station", "pk": 8, "fields": {"is_warehouse": false}}, {"model": "choochoo_app.Station", "pk": 9, "fields": {"is_warehouse": false}}, {"model": "choochoo_app.Station", "pk": 10, "fields": {"is_warehouse": false}}, {"model": "choochoo_app.RouteID", "pk": 0, "fields": {}}, {"model": "choochoo_app.Train", "pk": 0, "fields": {"is_in_warehouse": true, "human_id": "Train1", "last_station": 0}}, {"model": "choochoo_app.PathSegment", "pk": 0, "fields": {"route_id": 0, "src": 0, "dst": 1, "travel_time": 4}}, {"model": "choochoo_app.PathSegment", "pk": 1, "fields": {"route_id": 0, "src": 1, "dst": 2, "travel_time": 2}}, {"model": "choochoo_app.PathSegment", "pk": 2, "fields": {"route_id": 0, "src": 2, "dst": 3, "travel_time": 2}}, {"model": "choochoo_app.PathSegment", "pk": 3, "fields": {"route_id": 0, "src": 3, "dst": 4, "travel_time": 5}}, {"model": "choochoo_app.PathSegment", "pk": 4, "fields": {"route_id": 0, "src": 4, "dst": 5, "travel_time": 2}}, {"model": "choochoo_app.PathSegment", "pk": 5, "fields": {"route_id": 0, "src": 5, "dst": 6, "travel_time": 2}}, {"model": "choochoo_app.PathSegment", "pk": 6, "fields": {"route_id": 0, "src": 6, "dst": 0, "travel_time": 4}}, {"model": "choochoo_app.RouteID", "pk": 1, "fields": {}}, {"model": "choochoo_app.Train", "pk": 1, "fields": {"is_in_warehouse": true, "human_id": "Train2", "last_station": 0}}, {"model": "choochoo_app.PathSegment", "pk": 6, "fields": {"route_id": 1, "src": 0, "dst": 7, "travel_time": 4}}, {"model": "choochoo_app.PathSegment", "pk": 7, "fields": {"route_id": 1, "src": 7, "dst": 8, "travel_time": 1}}, {"model": "choochoo_app.PathSegment", "pk": 8, "fields": {"route_id": 1, "src": 8, "dst": 9, "travel_time": 1}}, {"model": "choochoo_app.PathSegment", "pk": 9, "fields": {"route_id": 1, "src": 9, "dst": 10, "travel_time": 1}}, {"model": "choochoo_app.PathSegment", "pk": 4, "fields": {"route_id": 1, "src": 10, "dst": 0, "travel_time": 4}}, {"model": "choochoo_app.RouteID", "pk": 2, "fields": {}}, {"model": "choochoo_app.Train", "pk": 2, "fields": {"is_in_warehouse": true, "human_id": "Train3", "last_station": 0}}, {"model": "choochoo_app.PathSegment", "pk": 11, "fields": {"route_id": 2, "src": 0, "dst": 1, "travel_time": 4}}, {"model": "choochoo_app.PathSegment", "pk": 12, "fields": {"route_id": 2, "src": 1, "dst": 2, "travel_time": 2}}, {"model": "choochoo_app.PathSegment", "pk": 13, "fields": {"route_id": 2, "src": 2, "dst": 8, "travel_time": 1}}, {"model": "choochoo_app.PathSegment", "pk": 14, "fields": {"route_id": 2, "src": 8, "dst": 9, "travel_time": 1}}, {"model": "choochoo_app.PathSegment", "pk": 15, "fields": {"route_id": 2, "src": 9, "dst": 5, "travel_time": 1}}, {"model": "choochoo_app.PathSegment", "pk": 16, "fields": {"route_id": 2, "src": 5, "dst": 6, "travel_time": 2}}, {"model": "choochoo_app.PathSegment", "pk": 6, "fields": {"route_id": 2, "src": 6, "dst": 0, "travel_time": 4}}, {"model": "choochoo_app.Route", "pk": 0, "fields": {"time": "2021-04-13 17:15:00", "train": 0, "route_id": 0}}, {"model": "choochoo_app.Route", "pk": 1, "fields": {"time": "2021-04-13 17:15:00", "train": 0, "route_id": 0}}, {"model": "choochoo_app.Route", "pk": 2, "fields": {"time": "2021-04-13 17:15:00", "train": 0, "route_id": 0}}, {"model": "choochoo_app.Route", "pk": 3, "fields": {"time": "2021-04-13 17:15:00", "train": 0, "route_id": 0}}, {"model": "choochoo_app.Route", "pk": 4, "fields": {"time": "2021-04-13 17:15:00", "train": 0, "route_id": 0}}, {"model": "choochoo_app.Route", "pk": 5, "fields": {"time": "2021-04-13 17:15:00", "train": 0, "route_id": 0}}, {"model": "choochoo_app.Route", "pk": 6, "fields": {"time": "2021-04-13 17:15:00", "train": 0, "route_id": 0}}, {"model": "choochoo_app.Route", "pk": 7, "fields": {"time": "2021-04-13 17:15:00", "train": 0, "route_id": 0}}, {"model": "choochoo_app.Route", "pk": 8, "fields": {"time": "2021-04-13 17:15:00", "train": 0, "route_id": 0}}, {"model": "choochoo_app.Route", "pk": 9, "fields": {"time": "2021-04-13 17:15:00", "train": 0, "route_id": 0}}, {"model": "choochoo_app.Route", "pk": 10, "fields": {"time": "2021-04-13 17:15:00", "train": 0, "route_id": 0}}, {"model": "choochoo_app.Route", "pk": 11, "fields": {"time": "2021-04-13 17:15:00", "train": 0, "route_id": 0}}, {"model": "choochoo_app.Route", "pk": 12, "fields": {"time": "2021-04-13 17:15:00", "train": 0, "route_id": 0}}, {"model": "choochoo_app.Route", "pk": 13, "fields": {"time": "2021-04-13 17:15:00", "train": 0, "route_id": 0}}, {"model": "choochoo_app.Route", "pk": 14, "fields": {"time": "2021-04-13 17:15:00", "train": 0, "route_id": 0}}, {"model": "choochoo_app.Route", "pk": 15, "fields": {"time": "2021-04-13 17:15:00", "train": 0, "route_id": 0}}, {"model": "choochoo_app.Route", "pk": 16, "fields": {"time": "2021-04-13 17:15:00", "train": 0, "route_id": 0}}, {"model": "choochoo_app.Route", "pk": 17, "fields": {"time": "2021-04-13 17:15:00", "train": 0, "route_id": 0}}, {"model": "choochoo_app.Route", "pk": 18, "fields": {"time": "2021-04-13 17:15:00", "train": 0, "route_id": 0}}, {"model": "choochoo_app.Route", "pk": 19, "fields": {"time": "2021-04-13 17:15:00", "train": 0, "route_id": 0}}, {"model": "choochoo_app.Route", "pk": 20, "fields": {"time": "2021-04-13 17:15:00", "train": 0, "route_id": 0}}, {"model": "choochoo_app.Route", "pk": 21, "fields": {"time": "2021-04-13 17:15:00", "train": 0, "route_id": 0}}, {"model": "choochoo_app.Route", "pk": 22, "fields": {"time": "2021-04-13 17:15:00", "train": 0, "route_id": 0}}, {"model": "choochoo_app.Route", "pk": 23, "fields": {"time": "2021-04-13 17:15:00", "train": 0, "route_id": 0}}, {"model": "choochoo_app.Route", "pk": 24, "fields": {"time": "2021-04-13 17:15:00", "train": 0, "route_id": 0}}, {"model": "choochoo_app.Route", "pk": 25, "fields": {"time": "2021-04-13 17:15:00", "train": 0, "route_id": 0}}, {"model": "choochoo_app.Route", "pk": 26, "fields": {"time": "2021-04-13 17:15:00", "train": 0, "route_id": 0}}, {"model": "choochoo_app.Route", "pk": 27, "fields": {"time": "2021-04-13 17:15:00", "train": 0, "route_id": 0}}, {"model": "choochoo_app.Route", "pk": 28, "fields": {"time": "2021-04-13 17:15:00", "train": 0, "route_id": 0}}, {"model": "choochoo_app.Route", "pk": 29, "fields": {"time": "2021-04-13 17:15:00", "train": 0, "route_id": 0}}, {"model": "choochoo_app.Route", "pk": 30, "fields": {"time": "2021-04-13 17:15:00", "train": 0, "route_id": 0}}, {"model": "choochoo_app.Route", "pk": 31, "fields": {"time": "2021-04-13 17:15:00", "train": 0, "route_id": 0}}, {"model": "choochoo_app.Route", "pk": 32, "fields": {"time": "2021-04-13 17:15:00", "train": 0, "route_id": 0}}, {"model": "choochoo_app.Route", "pk": 33, "fields": {"time": "2021-04-13 17:15:00", "train": 0, "route_id": 0}}, {"model": "choochoo_app.Route", "pk": 34, "fields": {"time": "2021-04-13 17:15:00", "train": 0, "route_id": 0}}, {"model": "choochoo_app.Route", "pk": 35, "fields": {"time": "2021-04-13 17:15:00", "train": 0, "route_id": 0}}, {"model": "choochoo_app.Route", "pk": 36, "fields": {"time": "2021-04-13 17:15:00", "train": 0, "route_id": 0}}, {"model": "choochoo_app.Route", "pk": 37, "fields": {"time": "2021-04-13 17:15:00", "train": 0, "route_id": 0}}, {"model": "choochoo_app.Route", "pk": 38, "fields": {"time": "2021-04-13 17:15:00", "train": 0, "route_id": 0}}, {"model": "choochoo_app.Route", "pk": 39, "fields": {"time": "2021-04-13 17:15:00", "train": 0, "route_id": 0}}, {"model": "choochoo_app.Route", "pk": 40, "fields": {"time": "2021-04-13 17:15:00", "train": 0, "route_id": 0}}, {"model": "choochoo_app.Route", "pk": 41, "fields": {"time": "2021-04-13 17:15:00", "train": 0, "route_id": 0}}, {"model": "choochoo_app.Route", "pk": 42, "fields": {"time": "2021-04-13 17:15:00", "train": 0, "route_id": 0}}, {"model": "choochoo_app.Route", "pk": 43, "fields": {"time": "2021-04-13 17:15:00", "train": 0, "route_id": 0}}, {"model": "choochoo_app.Route", "pk": 44, "fields": {"time": "2021-04-13 17:15:00", "train": 0, "route_id": 0}}, {"model": "choochoo_app.Route", "pk": 45, "fields": {"time": "2021-04-13 17:15:00", "train": 0, "route_id": 0}}, {"model": "choochoo_app.Route", "pk": 46, "fields": {"time": "2021-04-13 17:15:00", "train": 0, "route_id": 0}}, {"model": "choochoo_app.Route", "pk": 47, "fields": {"time": "2021-04-13 17:15:00", "train": 0, "route_id": 0}}, {"model": "choochoo_app.Route", "pk": 48, "fields": {"time": "2021-04-13 17:15:00", "train": 0, "route_id": 0}}, {"model": "choochoo_app.Route", "pk": 49, "fields": {"time": "2021-04-13 17:15:00", "train": 0, "route_id": 0}}, {"model": "choochoo_app.Route", "pk": 50, "fields": {"time": "2021-04-13 17:15:00", "train": 0, "route_id": 0}}, {"model": "choochoo_app.Route", "pk": 51, "fields": {"time": "2021-04-13 17:15:00", "train": 0, "route_id": 0}}, {"model": "choochoo_app.Route", "pk": 52, "fields": {"time": "2021-04-13 17:15:00", "train": 0, "route_id": 0}}, {"model": "choochoo_app.Route", "pk": 53, "fields": {"time": "2021-04-13 17:15:00", "train": 0, "route_id": 0}}, {"model": "choochoo_app.Route", "pk": 54, "fields": {"time": "2021-04-13 17:15:00", "train": 0, "route_id": 0}}, {"model": "choochoo_app.Route", "pk": 55, "fields": {"time": "2021-04-13 17:15:00", "train": 0, "route_id": 0}}, {"model": "choochoo_app.Route", "pk": 56, "fields": {"time": "2021-04-13 17:15:00", "train": 0, "route_id": 0}}, {"model": "choochoo_app.Route", "pk": 57, "fields": {"time": "2021-04-13 17:15:00", "train": 0, "route_id": 0}}, {"model": "choochoo_app.Route", "pk": 58, "fields": {"time": "2021-04-13 17:15:00", "train": 0, "route_id": 0}}, {"model": "choochoo_app.Route", "pk": 59, "fields": {"time": "2021-04-13 17:15:00", "train": 0, "route_id": 0}}, {"model": "choochoo_app.Route", "pk": 60, "fields": {"time": "2021-04-13 17:15:00", "train": 0, "route_id": 0}}, {"model": "choochoo_app.Route", "pk": 61, "fields": {"time": "2021-04-13 17:15:00", "train": 0, "route_id": 0}}, {"model": "choochoo_app.Route", "pk": 62, "fields": {"time": "2021-04-13 17:15:00", "train": 0, "route_id": 0}}, {"model": "choochoo_app.Route", "pk": 63, "fields": {"time": "2021-04-13 17:15:00", "train": 0, "route_id": 0}}, {"model": "choochoo_app.Route", "pk": 64, "fields": {"time": "2021-04-13 17:15:00", "train": 0, "route_id": 0}}, {"model": "choochoo_app.Route", "pk": 65, "fields": {"time": "2021-04-13 17:15:00", "train": 0, "route_id": 0}}, {"model": "choochoo_app.Route", "pk": 66, "fields": {"time": "2021-04-13 17:15:00", "train": 0, "route_id": 0}}, {"model": "choochoo_app.Route", "pk": 67, "fields": {"time": "2021-04-13 17:15:00", "train": 0, "route_id": 0}}, {"model": "choochoo_app.Route", "pk": 68, "fields": {"time": "2021-04-13 17:15:00", "train": 0, "route_id": 0}}, {"model": "choochoo_app.Route", "pk": 69, "fields": {"time": "2021-04-13 17:15:00", "train": 0, "route_id": 0}}, {"model": "choochoo_app.Route", "pk": 70, "fields": {"time": "2021-04-13 17:15:00", "train": 0, "route_id": 0}}, {"model": "choochoo_app.Route", "pk": 71, "fields": {"time": "2021-04-13 17:15:00", "train": 0, "route_id": 0}}, {"model": "choochoo_app.Route", "pk": 72, "fields": {"time": "2021-04-13 17:15:00", "train": 0, "route_id": 0}}, {"model": "choochoo_app.Route", "pk": 73, "fields": {"time": "2021-04-13 17:15:00", "train": 0, "route_id": 0}}, {"model": "choochoo_app.Route", "pk": 74, "fields": {"time": "2021-04-13 17:15:00", "train": 0, "route_id": 0}}, {"model": "choochoo_app.Route", "pk": 75, "fields": {"time": "2021-04-13 17:15:00", "train": 0, "route_id": 0}}, {"model": "choochoo_app.Route", "pk": 76, "fields": {"time": "2021-04-13 17:15:00", "train": 0, "route_id": 0}}, {"model": "choochoo_app.Route", "pk": 77, "fields": {"time": "2021-04-13 17:15:00", "train": 0, "route_id": 0}}, {"model": "choochoo_app.Route", "pk": 78, "fields": {"time": "2021-04-13 17:15:00", "train": 0, "route_id": 0}}, {"model": "choochoo_app.Route", "pk": 79, "fields": {"time": "2021-04-13 17:15:00", "train": 0, "route_id": 0}}, {"model": "choochoo_app.Route", "pk": 80, "fields": {"time": "2021-04-13 17:15:00", "train": 0, "route_id": 0}}, {"model": "choochoo_app.Route", "pk": 81, "fields": {"time": "2021-04-13 17:15:00", "train": 0, "route_id": 0}}, {"model": "choochoo_app.Route", "pk": 82, "fields": {"time": "2021-04-13 17:15:00", "train": 0, "route_id": 0}}, {"model": "choochoo_app.Route", "pk": 83, "fields": {"time": "2021-04-13 17:15:00", "train": 0, "route_id": 0}}, {"model": "choochoo_app.Route", "pk": 84, "fields": {"time": "2021-04-13 17:15:00", "train": 0, "route_id": 0}}, {"model": "choochoo_app.Route", "pk": 85, "fields": {"time": "2021-04-13 17:15:00", "train": 0, "route_id": 0}}, {"model": "choochoo_app.Route", "pk": 86, "fields": {"time": "2021-04-13 17:15:00", "train": 0, "route_id": 0}}, {"model": "choochoo_app.Route", "pk": 87, "fields": {"time": "2021-04-13 17:15:00", "train": 0, "route_id": 0}}, {"model": "choochoo_app.Route", "pk": 88, "fields": {"time": "2021-04-13 17:15:00", "train": 0, "route_id": 0}}, {"model": "choochoo_app.Route", "pk": 89, "fields": {"time": "2021-04-13 17:15:00", "train": 0, "route_id": 0}}, {"model": "choochoo_app.Route", "pk": 90, "fields": {"time": "2021-04-13 17:15:00", "train": 0, "route_id": 0}}, {"model": "choochoo_app.Route", "pk": 91, "fields": {"time": "2021-04-13 17:15:00", "train": 0, "route_id": 0}}, {"model": "choochoo_app.Route", "pk": 92, "fields": {"time": "2021-04-13 17:15:00", "train": 0, "route_id": 0}}, {"model": "choochoo_app.Route", "pk": 93, "fields": {"time": "2021-04-13 17:15:00", "train": 0, "route_id": 0}}, {"model": "choochoo_app.Route", "pk": 94, "fields": {"time": "2021-04-13 17:15:00", "train": 0, "route_id": 0}}, {"model": "choochoo_app.Route", "pk": 95, "fields": {"time": "2021-04-13 17:15:00", "train": 0, "route_id": 0}}, {"model": "choochoo_app.Route", "pk": 96, "fields": {"time": "2021-04-13 17:15:00", "train": 0, "route_id": 0}}, {"model": "choochoo_app.Route", "pk": 97, "fields": {"time": "2021-04-13 17:15:00", "train": 0, "route_id": 0}}, {"model": "choochoo_app.Route", "pk": 98, "fields": {"time": "2021-04-13 17:15:00", "train": 0, "route_id": 0}}, {"model": "choochoo_app.Route", "pk": 99, "fields": {"time": "2021-04-13 17:15:00", "train": 0, "route_id": 0}}, {"model": "choochoo_app.Route", "pk": 100, "fields": {"time": "2021-04-13 17:30:00", "train": 1, "route_id": 1}}, {"model": "choochoo_app.Route", "pk": 101, "fields": {"time": "2021-04-13 17:30:00", "train": 1, "route_id": 1}}, {"model": "choochoo_app.Route", "pk": 102, "fields": {"time": "2021-04-13 17:30:00", "train": 1, "route_id": 1}}, {"model": "choochoo_app.Route", "pk": 103, "fields": {"time": "2021-04-13 17:30:00", "train": 1, "route_id": 1}}, {"model": "choochoo_app.Route", "pk": 104, "fields": {"time": "2021-04-13 17:30:00", "train": 1, "route_id": 1}}, {"model": "choochoo_app.Route", "pk": 105, "fields": {"time": "2021-04-13 17:30:00", "train": 1, "route_id": 1}}, {"model": "choochoo_app.Route", "pk": 106, "fields": {"time": "2021-04-13 17:30:00", "train": 1, "route_id": 1}}, {"model": "choochoo_app.Route", "pk": 107, "fields": {"time": "2021-04-13 17:30:00", "train": 1, "route_id": 1}}, {"model": "choochoo_app.Route", "pk": 108, "fields": {"time": "2021-04-13 17:30:00", "train": 1, "route_id": 1}}, {"model": "choochoo_app.Route", "pk": 109, "fields": {"time": "2021-04-13 17:30:00", "train": 1, "route_id": 1}}, {"model": "choochoo_app.Route", "pk": 110, "fields": {"time": "2021-04-13 17:30:00", "train": 1, "route_id": 1}}, {"model": "choochoo_app.Route", "pk": 111, "fields": {"time": "2021-04-13 17:30:00", "train": 1, "route_id": 1}}, {"model": "choochoo_app.Route", "pk": 112, "fields": {"time": "2021-04-13 17:30:00", "train": 1, "route_id": 1}}, {"model": "choochoo_app.Route", "pk": 113, "fields": {"time": "2021-04-13 17:30:00", "train": 1, "route_id": 1}}, {"model": "choochoo_app.Route", "pk": 114, "fields": {"time": "2021-04-13 17:30:00", "train": 1, "route_id": 1}}, {"model": "choochoo_app.Route", "pk": 115, "fields": {"time": "2021-04-13 17:30:00", "train": 1, "route_id": 1}}, {"model": "choochoo_app.Route", "pk": 116, "fields": {"time": "2021-04-13 17:30:00", "train": 1, "route_id": 1}}, {"model": "choochoo_app.Route", "pk": 117, "fields": {"time": "2021-04-13 17:30:00", "train": 1, "route_id": 1}}, {"model": "choochoo_app.Route", "pk": 118, "fields": {"time": "2021-04-13 17:30:00", "train": 1, "route_id": 1}}, {"model": "choochoo_app.Route", "pk": 119, "fields": {"time": "2021-04-13 17:30:00", "train": 1, "route_id": 1}}, {"model": "choochoo_app.Route", "pk": 120, "fields": {"time": "2021-04-13 17:30:00", "train": 1, "route_id": 1}}, {"model": "choochoo_app.Route", "pk": 121, "fields": {"time": "2021-04-13 17:30:00", "train": 1, "route_id": 1}}, {"model": "choochoo_app.Route", "pk": 122, "fields": {"time": "2021-04-13 17:30:00", "train": 1, "route_id": 1}}, {"model": "choochoo_app.Route", "pk": 123, "fields": {"time": "2021-04-13 17:30:00", "train": 1, "route_id": 1}}, {"model": "choochoo_app.Route", "pk": 124, "fields": {"time": "2021-04-13 17:30:00", "train": 1, "route_id": 1}}, {"model": "choochoo_app.Route", "pk": 125, "fields": {"time": "2021-04-13 17:30:00", "train": 1, "route_id": 1}}, {"model": "choochoo_app.Route", "pk": 126, "fields": {"time": "2021-04-13 17:30:00", "train": 1, "route_id": 1}}, {"model": "choochoo_app.Route", "pk": 127, "fields": {"time": "2021-04-13 17:30:00", "train": 1, "route_id": 1}}, {"model": "choochoo_app.Route", "pk": 128, "fields": {"time": "2021-04-13 17:30:00", "train": 1, "route_id": 1}}, {"model": "choochoo_app.Route", "pk": 129, "fields": {"time": "2021-04-13 17:30:00", "train": 1, "route_id": 1}}, {"model": "choochoo_app.Route", "pk": 130, "fields": {"time": "2021-04-13 17:30:00", "train": 1, "route_id": 1}}, {"model": "choochoo_app.Route", "pk": 131, "fields": {"time": "2021-04-13 17:30:00", "train": 1, "route_id": 1}}, {"model": "choochoo_app.Route", "pk": 132, "fields": {"time": "2021-04-13 17:30:00", "train": 1, "route_id": 1}}, {"model": "choochoo_app.Route", "pk": 133, "fields": {"time": "2021-04-13 17:30:00", "train": 1, "route_id": 1}}, {"model": "choochoo_app.Route", "pk": 134, "fields": {"time": "2021-04-13 17:30:00", "train": 1, "route_id": 1}}, {"model": "choochoo_app.Route", "pk": 135, "fields": {"time": "2021-04-13 17:30:00", "train": 1, "route_id": 1}}, {"model": "choochoo_app.Route", "pk": 136, "fields": {"time": "2021-04-13 17:30:00", "train": 1, "route_id": 1}}, {"model": "choochoo_app.Route", "pk": 137, "fields": {"time": "2021-04-13 17:30:00", "train": 1, "route_id": 1}}, {"model": "choochoo_app.Route", "pk": 138, "fields": {"time": "2021-04-13 17:30:00", "train": 1, "route_id": 1}}, {"model": "choochoo_app.Route", "pk": 139, "fields": {"time": "2021-04-13 17:30:00", "train": 1, "route_id": 1}}, {"model": "choochoo_app.Route", "pk": 140, "fields": {"time": "2021-04-13 17:30:00", "train": 1, "route_id": 1}}, {"model": "choochoo_app.Route", "pk": 141, "fields": {"time": "2021-04-13 17:30:00", "train": 1, "route_id": 1}}, {"model": "choochoo_app.Route", "pk": 142, "fields": {"time": "2021-04-13 17:30:00", "train": 1, "route_id": 1}}, {"model": "choochoo_app.Route", "pk": 143, "fields": {"time": "2021-04-13 17:30:00", "train": 1, "route_id": 1}}, {"model": "choochoo_app.Route", "pk": 144, "fields": {"time": "2021-04-13 17:30:00", "train": 1, "route_id": 1}}, {"model": "choochoo_app.Route", "pk": 145, "fields": {"time": "2021-04-13 17:30:00", "train": 1, "route_id": 1}}, {"model": "choochoo_app.Route", "pk": 146, "fields": {"time": "2021-04-13 17:30:00", "train": 1, "route_id": 1}}, {"model": "choochoo_app.Route", "pk": 147, "fields": {"time": "2021-04-13 17:30:00", "train": 1, "route_id": 1}}, {"model": "choochoo_app.Route", "pk": 148, "fields": {"time": "2021-04-13 17:30:00", "train": 1, "route_id": 1}}, {"model": "choochoo_app.Route", "pk": 149, "fields": {"time": "2021-04-13 17:30:00", "train": 1, "route_id": 1}}, {"model": "choochoo_app.Route", "pk": 150, "fields": {"time": "2021-04-13 17:30:00", "train": 1, "route_id": 1}}, {"model": "choochoo_app.Route", "pk": 151, "fields": {"time": "2021-04-13 17:30:00", "train": 1, "route_id": 1}}, {"model": "choochoo_app.Route", "pk": 152, "fields": {"time": "2021-04-13 17:30:00", "train": 1, "route_id": 1}}, {"model": "choochoo_app.Route", "pk": 153, "fields": {"time": "2021-04-13 17:30:00", "train": 1, "route_id": 1}}, {"model": "choochoo_app.Route", "pk": 154, "fields": {"time": "2021-04-13 17:30:00", "train": 1, "route_id": 1}}, {"model": "choochoo_app.Route", "pk": 155, "fields": {"time": "2021-04-13 17:30:00", "train": 1, "route_id": 1}}, {"model": "choochoo_app.Route", "pk": 156, "fields": {"time": "2021-04-13 17:30:00", "train": 1, "route_id": 1}}, {"model": "choochoo_app.Route", "pk": 157, "fields": {"time": "2021-04-13 17:30:00", "train": 1, "route_id": 1}}, {"model": "choochoo_app.Route", "pk": 158, "fields": {"time": "2021-04-13 17:30:00", "train": 1, "route_id": 1}}, {"model": "choochoo_app.Route", "pk": 159, "fields": {"time": "2021-04-13 17:30:00", "train": 1, "route_id": 1}}, {"model": "choochoo_app.Route", "pk": 160, "fields": {"time": "2021-04-13 17:30:00", "train": 1, "route_id": 1}}, {"model": "choochoo_app.Route", "pk": 161, "fields": {"time": "2021-04-13 17:30:00", "train": 1, "route_id": 1}}, {"model": "choochoo_app.Route", "pk": 162, "fields": {"time": "2021-04-13 17:30:00", "train": 1, "route_id": 1}}, {"model": "choochoo_app.Route", "pk": 163, "fields": {"time": "2021-04-13 17:30:00", "train": 1, "route_id": 1}}, {"model": "choochoo_app.Route", "pk": 164, "fields": {"time": "2021-04-13 17:30:00", "train": 1, "route_id": 1}}, {"model": "choochoo_app.Route", "pk": 165, "fields": {"time": "2021-04-13 17:30:00", "train": 1, "route_id": 1}}, {"model": "choochoo_app.Route", "pk": 166, "fields": {"time": "2021-04-13 17:30:00", "train": 1, "route_id": 1}}, {"model": "choochoo_app.Route", "pk": 167, "fields": {"time": "2021-04-13 17:30:00", "train": 1, "route_id": 1}}, {"model": "choochoo_app.Route", "pk": 168, "fields": {"time": "2021-04-13 17:30:00", "train": 1, "route_id": 1}}, {"model": "choochoo_app.Route", "pk": 169, "fields": {"time": "2021-04-13 17:30:00", "train": 1, "route_id": 1}}, {"model": "choochoo_app.Route", "pk": 170, "fields": {"time": "2021-04-13 17:30:00", "train": 1, "route_id": 1}}, {"model": "choochoo_app.Route", "pk": 171, "fields": {"time": "2021-04-13 17:30:00", "train": 1, "route_id": 1}}, {"model": "choochoo_app.Route", "pk": 172, "fields": {"time": "2021-04-13 17:30:00", "train": 1, "route_id": 1}}, {"model": "choochoo_app.Route", "pk": 173, "fields": {"time": "2021-04-13 17:30:00", "train": 1, "route_id": 1}}, {"model": "choochoo_app.Route", "pk": 174, "fields": {"time": "2021-04-13 17:30:00", "train": 1, "route_id": 1}}, {"model": "choochoo_app.Route", "pk": 175, "fields": {"time": "2021-04-13 17:30:00", "train": 1, "route_id": 1}}, {"model": "choochoo_app.Route", "pk": 176, "fields": {"time": "2021-04-13 17:30:00", "train": 1, "route_id": 1}}, {"model": "choochoo_app.Route", "pk": 177, "fields": {"time": "2021-04-13 17:30:00", "train": 1, "route_id": 1}}, {"model": "choochoo_app.Route", "pk": 178, "fields": {"time": "2021-04-13 17:30:00", "train": 1, "route_id": 1}}, {"model": "choochoo_app.Route", "pk": 179, "fields": {"time": "2021-04-13 17:30:00", "train": 1, "route_id": 1}}, {"model": "choochoo_app.Route", "pk": 180, "fields": {"time": "2021-04-13 17:30:00", "train": 1, "route_id": 1}}, {"model": "choochoo_app.Route", "pk": 181, "fields": {"time": "2021-04-13 17:30:00", "train": 1, "route_id": 1}}, {"model": "choochoo_app.Route", "pk": 182, "fields": {"time": "2021-04-13 17:30:00", "train": 1, "route_id": 1}}, {"model": "choochoo_app.Route", "pk": 183, "fields": {"time": "2021-04-13 17:30:00", "train": 1, "route_id": 1}}, {"model": "choochoo_app.Route", "pk": 184, "fields": {"time": "2021-04-13 17:30:00", "train": 1, "route_id": 1}}, {"model": "choochoo_app.Route", "pk": 185, "fields": {"time": "2021-04-13 17:30:00", "train": 1, "route_id": 1}}, {"model": "choochoo_app.Route", "pk": 186, "fields": {"time": "2021-04-13 17:30:00", "train": 1, "route_id": 1}}, {"model": "choochoo_app.Route", "pk": 187, "fields": {"time": "2021-04-13 17:30:00", "train": 1, "route_id": 1}}, {"model": "choochoo_app.Route", "pk": 188, "fields": {"time": "2021-04-13 17:30:00", "train": 1, "route_id": 1}}, {"model": "choochoo_app.Route", "pk": 189, "fields": {"time": "2021-04-13 17:30:00", "train": 1, "route_id": 1}}, {"model": "choochoo_app.Route", "pk": 190, "fields": {"time": "2021-04-13 17:30:00", "train": 1, "route_id": 1}}, {"model": "choochoo_app.Route", "pk": 191, "fields": {"time": "2021-04-13 17:30:00", "train": 1, "route_id": 1}}, {"model": "choochoo_app.Route", "pk": 192, "fields": {"time": "2021-04-13 17:30:00", "train": 1, "route_id": 1}}, {"model": "choochoo_app.Route", "pk": 193, "fields": {"time": "2021-04-13 17:30:00", "train": 1, "route_id": 1}}, {"model": "choochoo_app.Route", "pk": 194, "fields": {"time": "2021-04-13 17:30:00", "train": 1, "route_id": 1}}, {"model": "choochoo_app.Route", "pk": 195, "fields": {"time": "2021-04-13 17:30:00", "train": 1, "route_id": 1}}, {"model": "choochoo_app.Route", "pk": 196, "fields": {"time": "2021-04-13 17:30:00", "train": 1, "route_id": 1}}, {"model": "choochoo_app.Route", "pk": 197, "fields": {"time": "2021-04-13 17:30:00", "train": 1, "route_id": 1}}, {"model": "choochoo_app.Route", "pk": 198, "fields": {"time": "2021-04-13 17:30:00", "train": 1, "route_id": 1}}, {"model": "choochoo_app.Route", "pk": 199, "fields": {"time": "2021-04-13 17:30:00", "train": 1, "route_id": 1}}, {"model": "choochoo_app.Route", "pk": 200, "fields": {"time": "2021-04-13 17:45:00", "train": 2, "route_id": 2}}, {"model": "choochoo_app.Route", "pk": 201, "fields": {"time": "2021-04-13 17:45:00", "train": 2, "route_id": 2}}, {"model": "choochoo_app.Route", "pk": 202, "fields": {"time": "2021-04-13 17:45:00", "train": 2, "route_id": 2}}, {"model": "choochoo_app.Route", "pk": 203, "fields": {"time": "2021-04-13 17:45:00", "train": 2, "route_id": 2}}, {"model": "choochoo_app.Route", "pk": 204, "fields": {"time": "2021-04-13 17:45:00", "train": 2, "route_id": 2}}, {"model": "choochoo_app.Route", "pk": 205, "fields": {"time": "2021-04-13 17:45:00", "train": 2, "route_id": 2}}, {"model": "choochoo_app.Route", "pk": 206, "fields": {"time": "2021-04-13 17:45:00", "train": 2, "route_id": 2}}, {"model": "choochoo_app.Route", "pk": 207, "fields": {"time": "2021-04-13 17:45:00", "train": 2, "route_id": 2}}, {"model": "choochoo_app.Route", "pk": 208, "fields": {"time": "2021-04-13 17:45:00", "train": 2, "route_id": 2}}, {"model": "choochoo_app.Route", "pk": 209, "fields": {"time": "2021-04-13 17:45:00", "train": 2, "route_id": 2}}, {"model": "choochoo_app.Route", "pk": 210, "fields": {"time": "2021-04-13 17:45:00", "train": 2, "route_id": 2}}, {"model": "choochoo_app.Route", "pk": 211, "fields": {"time": "2021-04-13 17:45:00", "train": 2, "route_id": 2}}, {"model": "choochoo_app.Route", "pk": 212, "fields": {"time": "2021-04-13 17:45:00", "train": 2, "route_id": 2}}, {"model": "choochoo_app.Route", "pk": 213, "fields": {"time": "2021-04-13 17:45:00", "train": 2, "route_id": 2}}, {"model": "choochoo_app.Route", "pk": 214, "fields": {"time": "2021-04-13 17:45:00", "train": 2, "route_id": 2}}, {"model": "choochoo_app.Route", "pk": 215, "fields": {"time": "2021-04-13 17:45:00", "train": 2, "route_id": 2}}, {"model": "choochoo_app.Route", "pk": 216, "fields": {"time": "2021-04-13 17:45:00", "train": 2, "route_id": 2}}, {"model": "choochoo_app.Route", "pk": 217, "fields": {"time": "2021-04-13 17:45:00", "train": 2, "route_id": 2}}, {"model": "choochoo_app.Route", "pk": 218, "fields": {"time": "2021-04-13 17:45:00", "train": 2, "route_id": 2}}, {"model": "choochoo_app.Route", "pk": 219, "fields": {"time": "2021-04-13 17:45:00", "train": 2, "route_id": 2}}, {"model": "choochoo_app.Route", "pk": 220, "fields": {"time": "2021-04-13 17:45:00", "train": 2, "route_id": 2}}, {"model": "choochoo_app.Route", "pk": 221, "fields": {"time": "2021-04-13 17:45:00", "train": 2, "route_id": 2}}, {"model": "choochoo_app.Route", "pk": 222, "fields": {"time": "2021-04-13 17:45:00", "train": 2, "route_id": 2}}, {"model": "choochoo_app.Route", "pk": 223, "fields": {"time": "2021-04-13 17:45:00", "train": 2, "route_id": 2}}, {"model": "choochoo_app.Route", "pk": 224, "fields": {"time": "2021-04-13 17:45:00", "train": 2, "route_id": 2}}, {"model": "choochoo_app.Route", "pk": 225, "fields": {"time": "2021-04-13 17:45:00", "train": 2, "route_id": 2}}, {"model": "choochoo_app.Route", "pk": 226, "fields": {"time": "2021-04-13 17:45:00", "train": 2, "route_id": 2}}, {"model": "choochoo_app.Route", "pk": 227, "fields": {"time": "2021-04-13 17:45:00", "train": 2, "route_id": 2}}, {"model": "choochoo_app.Route", "pk": 228, "fields": {"time": "2021-04-13 17:45:00", "train": 2, "route_id": 2}}, {"model": "choochoo_app.Route", "pk": 229, "fields": {"time": "2021-04-13 17:45:00", "train": 2, "route_id": 2}}, {"model": "choochoo_app.Route", "pk": 230, "fields": {"time": "2021-04-13 17:45:00", "train": 2, "route_id": 2}}, {"model": "choochoo_app.Route", "pk": 231, "fields": {"time": "2021-04-13 17:45:00", "train": 2, "route_id": 2}}, {"model": "choochoo_app.Route", "pk": 232, "fields": {"time": "2021-04-13 17:45:00", "train": 2, "route_id": 2}}, {"model": "choochoo_app.Route", "pk": 233, "fields": {"time": "2021-04-13 17:45:00", "train": 2, "route_id": 2}}, {"model": "choochoo_app.Route", "pk": 234, "fields": {"time": "2021-04-13 17:45:00", "train": 2, "route_id": 2}}, {"model": "choochoo_app.Route", "pk": 235, "fields": {"time": "2021-04-13 17:45:00", "train": 2, "route_id": 2}}, {"model": "choochoo_app.Route", "pk": 236, "fields": {"time": "2021-04-13 17:45:00", "train": 2, "route_id": 2}}, {"model": "choochoo_app.Route", "pk": 237, "fields": {"time": "2021-04-13 17:45:00", "train": 2, "route_id": 2}}, {"model": "choochoo_app.Route", "pk": 238, "fields": {"time": "2021-04-13 17:45:00", "train": 2, "route_id": 2}}, {"model": "choochoo_app.Route", "pk": 239, "fields": {"time": "2021-04-13 17:45:00", "train": 2, "route_id": 2}}, {"model": "choochoo_app.Route", "pk": 240, "fields": {"time": "2021-04-13 17:45:00", "train": 2, "route_id": 2}}, {"model": "choochoo_app.Route", "pk": 241, "fields": {"time": "2021-04-13 17:45:00", "train": 2, "route_id": 2}}, {"model": "choochoo_app.Route", "pk": 242, "fields": {"time": "2021-04-13 17:45:00", "train": 2, "route_id": 2}}, {"model": "choochoo_app.Route", "pk": 243, "fields": {"time": "2021-04-13 17:45:00", "train": 2, "route_id": 2}}, {"model": "choochoo_app.Route", "pk": 244, "fields": {"time": "2021-04-13 17:45:00", "train": 2, "route_id": 2}}, {"model": "choochoo_app.Route", "pk": 245, "fields": {"time": "2021-04-13 17:45:00", "train": 2, "route_id": 2}}, {"model": "choochoo_app.Route", "pk": 246, "fields": {"time": "2021-04-13 17:45:00", "train": 2, "route_id": 2}}, {"model": "choochoo_app.Route", "pk": 247, "fields": {"time": "2021-04-13 17:45:00", "train": 2, "route_id": 2}}, {"model": "choochoo_app.Route", "pk": 248, "fields": {"time": "2021-04-13 17:45:00", "train": 2, "route_id": 2}}, {"model": "choochoo_app.Route", "pk": 249, "fields": {"time": "2021-04-13 17:45:00", "train": 2, "route_id": 2}}, {"model": "choochoo_app.Route", "pk": 250, "fields": {"time": "2021-04-13 17:45:00", "train": 2, "route_id": 2}}, {"model": "choochoo_app.Route", "pk": 251, "fields": {"time": "2021-04-13 17:45:00", "train": 2, "route_id": 2}}, {"model": "choochoo_app.Route", "pk": 252, "fields": {"time": "2021-04-13 17:45:00", "train": 2, "route_id": 2}}, {"model": "choochoo_app.Route", "pk": 253, "fields": {"time": "2021-04-13 17:45:00", "train": 2, "route_id": 2}}, {"model": "choochoo_app.Route", "pk": 254, "fields": {"time": "2021-04-13 17:45:00", "train": 2, "route_id": 2}}, {"model": "choochoo_app.Route", "pk": 255, "fields": {"time": "2021-04-13 17:45:00", "train": 2, "route_id": 2}}, {"model": "choochoo_app.Route", "pk": 256, "fields": {"time": "2021-04-13 17:45:00", "train": 2, "route_id": 2}}, {"model": "choochoo_app.Route", "pk": 257, "fields": {"time": "2021-04-13 17:45:00", "train": 2, "route_id": 2}}, {"model": "choochoo_app.Route", "pk": 258, "fields": {"time": "2021-04-13 17:45:00", "train": 2, "route_id": 2}}, {"model": "choochoo_app.Route", "pk": 259, "fields": {"time": "2021-04-13 17:45:00", "train": 2, "route_id": 2}}, {"model": "choochoo_app.Route", "pk": 260, "fields": {"time": "2021-04-13 17:45:00", "train": 2, "route_id": 2}}, {"model": "choochoo_app.Route", "pk": 261, "fields": {"time": "2021-04-13 17:45:00", "train": 2, "route_id": 2}}, {"model": "choochoo_app.Route", "pk": 262, "fields": {"time": "2021-04-13 17:45:00", "train": 2, "route_id": 2}}, {"model": "choochoo_app.Route", "pk": 263, "fields": {"time": "2021-04-13 17:45:00", "train": 2, "route_id": 2}}, {"model": "choochoo_app.Route", "pk": 264, "fields": {"time": "2021-04-13 17:45:00", "train": 2, "route_id": 2}}, {"model": "choochoo_app.Route", "pk": 265, "fields": {"time": "2021-04-13 17:45:00", "train": 2, "route_id": 2}}, {"model": "choochoo_app.Route", "pk": 266, "fields": {"time": "2021-04-13 17:45:00", "train": 2, "route_id": 2}}, {"model": "choochoo_app.Route", "pk": 267, "fields": {"time": "2021-04-13 17:45:00", "train": 2, "route_id": 2}}, {"model": "choochoo_app.Route", "pk": 268, "fields": {"time": "2021-04-13 17:45:00", "train": 2, "route_id": 2}}, {"model": "choochoo_app.Route", "pk": 269, "fields": {"time": "2021-04-13 17:45:00", "train": 2, "route_id": 2}}, {"model": "choochoo_app.Route", "pk": 270, "fields": {"time": "2021-04-13 17:45:00", "train": 2, "route_id": 2}}, {"model": "choochoo_app.Route", "pk": 271, "fields": {"time": "2021-04-13 17:45:00", "train": 2, "route_id": 2}}, {"model": "choochoo_app.Route", "pk": 272, "fields": {"time": "2021-04-13 17:45:00", "train": 2, "route_id": 2}}, {"model": "choochoo_app.Route", "pk": 273, "fields": {"time": "2021-04-13 17:45:00", "train": 2, "route_id": 2}}, {"model": "choochoo_app.Route", "pk": 274, "fields": {"time": "2021-04-13 17:45:00", "train": 2, "route_id": 2}}, {"model": "choochoo_app.Route", "pk": 275, "fields": {"time": "2021-04-13 17:45:00", "train": 2, "route_id": 2}}, {"model": "choochoo_app.Route", "pk": 276, "fields": {"time": "2021-04-13 17:45:00", "train": 2, "route_id": 2}}, {"model": "choochoo_app.Route", "pk": 277, "fields": {"time": "2021-04-13 17:45:00", "train": 2, "route_id": 2}}, {"model": "choochoo_app.Route", "pk": 278, "fields": {"time": "2021-04-13 17:45:00", "train": 2, "route_id": 2}}, {"model": "choochoo_app.Route", "pk": 279, "fields": {"time": "2021-04-13 17:45:00", "train": 2, "route_id": 2}}, {"model": "choochoo_app.Route", "pk": 280, "fields": {"time": "2021-04-13 17:45:00", "train": 2, "route_id": 2}}, {"model": "choochoo_app.Route", "pk": 281, "fields": {"time": "2021-04-13 17:45:00", "train": 2, "route_id": 2}}, {"model": "choochoo_app.Route", "pk": 282, "fields": {"time": "2021-04-13 17:45:00", "train": 2, "route_id": 2}}, {"model": "choochoo_app.Route", "pk": 283, "fields": {"time": "2021-04-13 17:45:00", "train": 2, "route_id": 2}}, {"model": "choochoo_app.Route", "pk": 284, "fields": {"time": "2021-04-13 17:45:00", "train": 2, "route_id": 2}}, {"model": "choochoo_app.Route", "pk": 285, "fields": {"time": "2021-04-13 17:45:00", "train": 2, "route_id": 2}}, {"model": "choochoo_app.Route", "pk": 286, "fields": {"time": "2021-04-13 17:45:00", "train": 2, "route_id": 2}}, {"model": "choochoo_app.Route", "pk": 287, "fields": {"time": "2021-04-13 17:45:00", "train": 2, "route_id": 2}}, {"model": "choochoo_app.Route", "pk": 288, "fields": {"time": "2021-04-13 17:45:00", "train": 2, "route_id": 2}}, {"model": "choochoo_app.Route", "pk": 289, "fields": {"time": "2021-04-13 17:45:00", "train": 2, "route_id": 2}}, {"model": "choochoo_app.Route", "pk": 290, "fields": {"time": "2021-04-13 17:45:00", "train": 2, "route_id": 2}}, {"model": "choochoo_app.Route", "pk": 291, "fields": {"time": "2021-04-13 17:45:00", "train": 2, "route_id": 2}}, {"model": "choochoo_app.Route", "pk": 292, "fields": {"time": "2021-04-13 17:45:00", "train": 2, "route_id": 2}}, {"model": "choochoo_app.Route", "pk": 293, "fields": {"time": "2021-04-13 17:45:00", "train": 2, "route_id": 2}}, {"model": "choochoo_app.Route", "pk": 294, "fields": {"time": "2021-04-13 17:45:00", "train": 2, "route_id": 2}}, {"model": "choochoo_app.Route", "pk": 295, "fields": {"time": "2021-04-13 17:45:00", "train": 2, "route_id": 2}}, {"model": "choochoo_app.Route", "pk": 296, "fields": {"time": "2021-04-13 17:45:00", "train": 2, "route_id": 2}}, {"model": "choochoo_app.Route", "pk": 297, "fields": {"time": "2021-04-13 17:45:00", "train": 2, "route_id": 2}}, {"model": "choochoo_app.Route", "pk": 298, "fields": {"time": "2021-04-13 17:45:00", "train": 2, "route_id": 2}}, {"model": "choochoo_app.Route", "pk": 299, "fields": {"time": "2021-04-13 17:45:00", "train": 2, "route_id": 2}}, {"model": "choochoo_app.Order", "pk": 0, "fields": {"time_added": "2022-04-13 17:26:58", "time_of_departure": "2022-04-13 17:26:58", "quantity": 337, "material": 230, "station": 4, "user": null, "is_complete": false}}, {"model": "choochoo_app.Order", "pk": 1, "fields": {"time_added": "2022-04-13 17:34:11", "time_of_departure": "2022-04-13 17:34:11", "quantity": 775, "material": 482, "station": 8, "user": null, "is_complete": false}}, {"model": "choochoo_app.Order", "pk": 2, "fields": {"time_added": "2022-04-13 17:03:52", "time_of_departure": "2022-04-13 17:03:52", "quantity": 230, "material": 421, "station": 4, "user": null, "is_complete": false}}, {"model": "choochoo_app.Order", "pk": 3, "fields": {"time_added": "2022-04-13 17:45:20", "time_of_departure": "2022-04-13 17:45:20", "quantity": 11, "material": 192, "station": 5, "user": null, "is_complete": false}}, {"model": "choochoo_app.Order", "pk": 4, "fields": {"time_added": "2022-04-13 17:11:50", "time_of_departure": "2022-04-13 17:11:50", "quantity": 540, "material": 173, "station": 10, "user": null, "is_complete": false}}, {"model": "choochoo_app.Order", "pk": 5, "fields": {"time_added": "2022-04-13 18:04:46", "time_of_departure": "2022-04-13 18:04:46", "quantity": 233, "material": 78, "station": 10, "user": null, "is_complete": false}}, {"model": "choochoo_app.Order", "pk": 6, "fields": {"time_added": "2022-04-13 16:59:23", "time_of_departure": "2022-04-13 16:59:23", "quantity": 739, "material": 65, "station": 7, "user": null, "is_complete": false}}, {"model": "choochoo_app.Order", "pk": 7, "fields": {"time_added": "2022-04-13 16:57:41", "time_of_departure": "2022-04-13 16:57:41", "quantity": 446, "material": 32, "station": 9, "user": null, "is_complete": false}}, {"model": "choochoo_app.Order", "pk": 8, "fields": {"time_added": "2022-04-13 17:00:34", "time_of_departure": "2022-04-13 17:00:34", "quantity": 799, "material": 64, "station": 4, "user": null, "is_complete": false}}, {"model": "choochoo_app.Order", "pk": 9, "fields": {"time_added": "2022-04-13 17:46:13", "time_of_departure": "2022-04-13 17:46:13", "quantity": 282, "material": 115, "station": 3, "user": null, "is_complete": false}}, {"model": "choochoo_app.Order", "pk": 10, "fields": {"time_added": "2022-04-13 17:25:10", "time_of_departure": "2022-04-13 17:25:10", "quantity": 928, "material": 149, "station": 4, "user": null, "is_complete": false}}, {"model": "choochoo_app.Order", "pk": 11, "fields": {"time_added": "2022-04-13 18:01:04", "time_of_departure": "2022-04-13 18:01:04", "quantity": 496, "material": 160, "station": 9, "user": null, "is_complete": false}}, {"model": "choochoo_app.Order", "pk": 12, "fields": {"time_added": "2022-04-13 18:07:37", "time_of_departure": "2022-04-13 18:07:37", "quantity": 25, "material": 131, "station": 10, "user": null, "is_complete": false}}, {"model": "choochoo_app.Order", "pk": 13, "fields": {"time_added": "2022-04-13 17:44:52", "time_of_departure": "2022-04-13 17:44:52", "quantity": 757, "material": 357, "station": 7, "user": null, "is_complete": false}}, {"model": "choochoo_app.Order", "pk": 14, "fields": {"time_added": "2022-04-13 17:07:55", "time_of_departure": "2022-04-13 17:07:55", "quantity": 139, "material": 154, "station": 9, "user": null, "is_complete": false}}, {"model": "choochoo_app.Order", "pk": 15, "fields": {"time_added": "2022-04-13 17:46:07", "time_of_departure": "2022-04-13 17:46:07", "quantity": 765, "material": 280, "station": 1, "user": null, "is_complete": false}}, {"model": "choochoo_app.Order", "pk": 16, "fields": {"time_added": "2022-04-13 18:14:04", "time_of_departure": "2022-04-13 18:14:04", "quantity": 954, "material": 358, "station": 10, "user": null, "is_complete": false}}, {"model": "choochoo_app.Order", "pk": 17, "fields": {"time_added": "2022-04-13 17:35:35", "time_of_departure": "2022-04-13 17:35:35", "quantity": 734, "material": 400, "station": 8, "user": null, "is_complete": false}}, {"model": "choochoo_app.Order", "pk": 18, "fields": {"time_added": "2022-04-13 18:04:39", "time_of_departure": "2022-04-13 18:04:39", "quantity": 318, "material": 428, "station": 2, "user": null, "is_complete": false}}, {"model": "choochoo_app.Order", "pk": 19, "fields": {"time_added": "2022-04-13 17:05:42", "time_of_departure": "2022-04-13 17:05:42", "quantity": 865, "material": 348, "station": 7, "user": null, "is_complete": false}}, {"model": "choochoo_app.Order", "pk": 20, "fields": {"time_added": "2022-04-13 18:07:27", "time_of_departure": "2022-04-13 18:07:27", "quantity": 176, "material": 241, "station": 10, "user": null, "is_complete": false}}, {"model": "choochoo_app.Order", "pk": 21, "fields": {"time_added": "2022-04-13 17:45:02", "time_of_departure": "2022-04-13 17:45:02", "quantity": 301, "material": 378, "station": 3, "user": null, "is_complete": false}}, {"model": "choochoo_app.Order", "pk": 22, "fields": {"time_added": "2022-04-13 18:09:02", "time_of_departure": "2022-04-13 18:09:02", "quantity": 265, "material": 358, "station": 6, "user": null, "is_complete": false}}, {"model": "choochoo_app.Order", "pk": 23, "fields": {"time_added": "2022-04-13 18:12:01", "time_of_departure": "2022-04-13 18:12:01", "quantity": 117, "material": 366, "station": 2, "user": null, "is_complete": false}}, {"model": "choochoo_app.Order", "pk": 24, "fields": {"time_added": "2022-04-13 17:47:56", "time_of_departure": "2022-04-13 17:47:56", "quantity": 614, "material": 206, "station": 2, "user": null, "is_complete": false}}, {"model": "choochoo_app.Order", "pk": 25, "fields": {"time_added": "2022-04-13 17:57:25", "time_of_departure": "2022-04-13 17:57:25", "quantity": 920, "material": 80, "station": 6, "user": null, "is_complete": false}}, {"model": "choochoo_app.Order", "pk": 26, "fields": {"time_added": "2022-04-13 17:22:51", "time_of_departure": "2022-04-13 17:22:51", "quantity": 670, "material": 365, "station": 8, "user": null, "is_complete": false}}, {"model": "choochoo_app.Order", "pk": 27, "fields": {"time_added": "2022-04-13 17:07:35", "time_of_departure": "2022-04-13 17:07:35", "quantity": 178, "material": 190, "station": 10, "user": null, "is_complete": false}}, {"model": "choochoo_app.Order", "pk": 28, "fields": {"time_added": "2022-04-13 17:17:09", "time_of_departure": "2022-04-13 17:17:09", "quantity": 894, "material": 146, "station": 6, "user": null, "is_complete": false}}, {"model": "choochoo_app.Order", "pk": 29, "fields": {"time_added": "2022-04-13 17:18:40", "time_of_departure": "2022-04-13 17:18:40", "quantity": 13, "material": 81, "station": 7, "user": null, "is_complete": false}}, {"model": "choochoo_app.Order", "pk": 30, "fields": {"time_added": "2022-04-13 17:54:12", "time_of_departure": "2022-04-13 17:54:12", "quantity": 488, "material": 480, "station": 1, "user": null, "is_complete": false}}, {"model": "choochoo_app.Order", "pk": 31, "fields": {"time_added": "2022-04-13 18:03:58", "time_of_departure": "2022-04-13 18:03:58", "quantity": 322, "material": 1, "station": 6, "user": null, "is_complete": false}}, {"model": "choochoo_app.Order", "pk": 32, "fields": {"time_added": "2022-04-13 17:36:28", "time_of_departure": "2022-04-13 17:36:28", "quantity": 873, "material": 11, "station": 7, "user": null, "is_complete": false}}, {"model": "choochoo_app.Order", "pk": 33, "fields": {"time_added": "2022-04-13 17:07:57", "time_of_departure": "2022-04-13 17:07:57", "quantity": 835, "material": 177, "station": 7, "user": null, "is_complete": false}}, {"model": "choochoo_app.Order", "pk": 34, "fields": {"time_added": "2022-04-13 17:43:32", "time_of_departure": "2022-04-13 17:43:32", "quantity": 56, "material": 112, "station": 6, "user": null, "is_complete": false}}, {"model": "choochoo_app.Order", "pk": 35, "fields": {"time_added": "2022-04-13 18:10:33", "time_of_departure": "2022-04-13 18:10:33", "quantity": 397, "material": 193, "station": 5, "user": null, "is_complete": false}}, {"model": "choochoo_app.Order", "pk": 36, "fields": {"time_added": "2022-04-13 17:58:00", "time_of_departure": "2022-04-13 17:58:00", "quantity": 16, "material": 357, "station": 10, "user": null, "is_complete": false}}, {"model": "choochoo_app.Order", "pk": 37, "fields": {"time_added": "2022-04-13 17:09:38", "time_of_departure": "2022-04-13 17:09:38", "quantity": 528, "material": 269, "station": 9, "user": null, "is_complete": false}}, {"model": "choochoo_app.Order", "pk": 38, "fields": {"time_added": "2022-04-13 17:36:46", "time_of_departure": "2022-04-13 17:36:46", "quantity": 873, "material": 459, "station": 3, "user": null, "is_complete": false}}, {"model": "choochoo_app.Order", "pk": 39, "fields": {"time_added": "2022-04-13 17:28:22", "time_of_departure": "2022-04-13 17:28:22", "quantity": 192, "material": 487, "station": 1, "user": null, "is_complete": false}}, {"model": "choochoo_app.Order", "pk": 40, "fields": {"time_added": "2022-04-13 17:34:33", "time_of_departure": "2022-04-13 17:34:33", "quantity": 640, "material": 353, "station": 1, "user": null, "is_complete": false}}, {"model": "choochoo_app.Order", "pk": 41, "fields": {"time_added": "2022-04-13 17:00:10", "time_of_departure": "2022-04-13 17:00:10", "quantity": 627, "material": 459, "station": 2, "user": null, "is_complete": false}}, {"model": "choochoo_app.Order", "pk": 42, "fields": {"time_added": "2022-04-13 17:52:35", "time_of_departure": "2022-04-13 17:52:35", "quantity": 424, "material": 123, "station": 7, "user": null, "is_complete": false}}, {"model": "choochoo_app.Order", "pk": 43, "fields": {"time_added": "2022-04-13 16:51:30", "time_of_departure": "2022-04-13 16:51:30", "quantity": 220, "material": 185, "station": 5, "user": null, "is_complete": false}}, {"model": "choochoo_app.Order", "pk": 44, "fields": {"time_added": "2022-04-13 17:54:28", "time_of_departure": "2022-04-13 17:54:28", "quantity": 222, "material": 54, "station": 8, "user": null, "is_complete": false}}, {"model": "choochoo_app.Order", "pk": 45, "fields": {"time_added": "2022-04-13 17:13:45", "time_of_departure": "2022-04-13 17:13:45", "quantity": 763, "material": 63, "station": 9, "user": null, "is_complete": false}}, {"model": "choochoo_app.Order", "pk": 46, "fields": {"time_added": "2022-04-13 17:07:56", "time_of_departure": "2022-04-13 17:07:56", "quantity": 964, "material": 107, "station": 1, "user": null, "is_complete": false}}, {"model": "choochoo_app.Order", "pk": 47, "fields": {"time_added": "2022-04-13 17:04:07", "time_of_departure": "2022-04-13 17:04:07", "quantity": 163, "material": 8, "station": 2, "user": null, "is_complete": false}}, {"model": "choochoo_app.Order", "pk": 48, "fields": {"time_added": "2022-04-13 17:17:16", "time_of_departure": "2022-04-13 17:17:16", "quantity": 381, "material": 359, "station": 10, "user": null, "is_complete": false}}, {"model": "choochoo_app.Order", "pk": 49, "fields": {"time_added": "2022-04-13 17:29:25", "time_of_departure": "2022-04-13 17:29:25", "quantity": 18, "material": 154, "station": 2, "user": null, "is_complete": false}}, {"model": "choochoo_app.Order", "pk": 50, "fields": {"time_added": "2022-04-13 17:33:32", "time_of_departure": "2022-04-13 17:33:32", "quantity": 221, "material": 143, "station": 1, "user": null, "is_complete": false}}, {"model": "choochoo_app.Order", "pk": 51, "fields": {"time_added": "2022-04-13 17:03:20", "time_of_departure": "2022-04-13 17:03:20", "quantity": 121, "material": 263, "station": 8, "user": null, "is_complete": false}}, {"model": "choochoo_app.Order", "pk": 52, "fields": {"time_added": "2022-04-13 17:12:53", "time_of_departure": "2022-04-13 17:12:53", "quantity": 91, "material": 197, "station": 2, "user": null, "is_complete": false}}, {"model": "choochoo_app.Order", "pk": 53, "fields": {"time_added": "2022-04-13 18:13:22", "time_of_departure": "2022-04-13 18:13:22", "quantity": 918, "material": 326, "station": 6, "user": null, "is_complete": false}}, {"model": "choochoo_app.Order", "pk": 54, "fields": {"time_added": "2022-04-13 17:25:09", "time_of_departure": "2022-04-13 17:25:09", "quantity": 165, "material": 13, "station": 3, "user": null, "is_complete": false}}, {"model": "choochoo_app.Order", "pk": 55, "fields": {"time_added": "2022-04-13 17:34:03", "time_of_departure": "2022-04-13 17:34:03", "quantity": 281, "material": 116, "station": 5, "user": null, "is_complete": false}}, {"model": "choochoo_app.Order", "pk": 56, "fields": {"time_added": "2022-04-13 17:59:22", "time_of_departure": "2022-04-13 17:59:22", "quantity": 852, "material": 42, "station": 2, "user": null, "is_complete": false}}, {"model": "choochoo_app.Order", "pk": 57, "fields": {"time_added": "2022-04-13 17:37:58", "time_of_departure": "2022-04-13 17:37:58", "quantity": 485, "material": 127, "station": 3, "user": null, "is_complete": false}}, {"model": "choochoo_app.Order", "pk": 58, "fields": {"time_added": "2022-04-13 18:11:01", "time_of_departure": "2022-04-13 18:11:01", "quantity": 944, "material": 182, "station": 5, "user": null, "is_complete": false}}, {"model": "choochoo_app.Order", "pk": 59, "fields": {"time_added": "2022-04-13 17:50:13", "time_of_departure": "2022-04-13 17:50:13", "quantity": 126, "material": 263, "station": 6, "user": null, "is_complete": false}}, {"model": "choochoo_app.Order", "pk": 60, "fields": {"time_added": "2022-04-13 17:07:48", "time_of_departure": "2022-04-13 17:07:48", "quantity": 864, "material": 348, "station": 6, "user": null, "is_complete": false}}, {"model": "choochoo_app.Order", "pk": 61, "fields": {"time_added": "2022-04-13 17:51:00", "time_of_departure": "2022-04-13 17:51:00", "quantity": 259, "material": 236, "station": 4, "user": null, "is_complete": false}}, {"model": "choochoo_app.Order", "pk": 62, "fields": {"time_added": "2022-04-13 17:56:54", "time_of_departure": "2022-04-13 17:56:54", "quantity": 725, "material": 480, "station": 7, "user": null, "is_complete": false}}, {"model": "choochoo_app.Order", "pk": 63, "fields": {"time_added": "2022-04-13 17:31:17", "time_of_departure": "2022-04-13 17:31:17", "quantity": 529, "material": 417, "station": 10, "user": null, "is_complete": false}}, {"model": "choochoo_app.Order", "pk": 64, "fields": {"time_added": "2022-04-13 17:52:47", "time_of_departure": "2022-04-13 17:52:47", "quantity": 197, "material": 348, "station": 7, "user": null, "is_complete": false}}, {"model": "choochoo_app.Order", "pk": 65, "fields": {"time_added": "2022-04-13 17:32:56", "time_of_departure": "2022-04-13 17:32:56", "quantity": 894, "material": 192, "station": 8, "user": null, "is_complete": false}}, {"model": "choochoo_app.Order", "pk": 66, "fields": {"time_added": "2022-04-13 17:23:51", "time_of_departure": "2022-04-13 17:23:51", "quantity": 608, "material": 209, "station": 3, "user": null, "is_complete": false}}, {"model": "choochoo_app.Order", "pk": 67, "fields": {"time_added": "2022-04-13 16:51:34", "time_of_departure": "2022-04-13 16:51:34", "quantity": 15, "material": 347, "station": 3, "user": null, "is_complete": false}}, {"model": "choochoo_app.Order", "pk": 68, "fields": {"time_added": "2022-04-13 17:39:09", "time_of_departure": "2022-04-13 17:39:09", "quantity": 2, "material": 92, "station": 3, "user": null, "is_complete": false}}, {"model": "choochoo_app.Order", "pk": 69, "fields": {"time_added": "2022-04-13 18:04:24", "time_of_departure": "2022-04-13 18:04:24", "quantity": 689, "material": 93, "station": 7, "user": null, "is_complete": false}}, {"model": "choochoo_app.Order", "pk": 70, "fields": {"time_added": "2022-04-13 17:47:27", "time_of_departure": "2022-04-13 17:47:27", "quantity": 901, "material": 439, "station": 5, "user": null, "is_complete": false}}, {"model": "choochoo_app.Order", "pk": 71, "fields": {"time_added": "2022-04-13 17:06:37", "time_of_departure": "2022-04-13 17:06:37", "quantity": 662, "material": 260, "station": 10, "user": null, "is_complete": false}}, {"model": "choochoo_app.Order", "pk": 72, "fields": {"time_added": "2022-04-13 18:13:45", "time_of_departure": "2022-04-13 18:13:45", "quantity": 987, "material": 221, "station": 5, "user": null, "is_complete": false}}, {"model": "choochoo_app.Order", "pk": 73, "fields": {"time_added": "2022-04-13 16:59:32", "time_of_departure": "2022-04-13 16:59:32", "quantity": 641, "material": 402, "station": 7, "user": null, "is_complete": false}}, {"model": "choochoo_app.Order", "pk": 74, "fields": {"time_added": "2022-04-13 17:30:19", "time_of_departure": "2022-04-13 17:30:19", "quantity": 722, "material": 361, "station": 2, "user": null, "is_complete": false}}, {"model": "choochoo_app.Order", "pk": 75, "fields": {"time_added": "2022-04-13 18:06:49", "time_of_departure": "2022-04-13 18:06:49", "quantity": 10, "material": 67, "station": 2, "user": null, "is_complete": false}}, {"model": "choochoo_app.Order", "pk": 76, "fields": {"time_added": "2022-04-13 17:08:21", "time_of_departure": "2022-04-13 17:08:21", "quantity": 395, "material": 197, "station": 9, "user": null, "is_complete": false}}, {"model": "choochoo_app.Order", "pk": 77, "fields": {"time_added": "2022-04-13 16:56:18", "time_of_departure": "2022-04-13 16:56:18", "quantity": 222, "material": 349, "station": 3, "user": null, "is_complete": false}}, {"model": "choochoo_app.Order", "pk": 78, "fields": {"time_added": "2022-04-13 17:40:06", "time_of_departure": "2022-04-13 17:40:06", "quantity": 863, "material": 343, "station": 6, "user": null, "is_complete": false}}, {"model": "choochoo_app.Order", "pk": 79, "fields": {"time_added": "2022-04-13 17:31:45", "time_of_departure": "2022-04-13 17:31:45", "quantity": 536, "material": 109, "station": 6, "user": null, "is_complete": false}}, {"model": "choochoo_app.Order", "pk": 80, "fields": {"time_added": "2022-04-13 18:01:12", "time_of_departure": "2022-04-13 18:01:12", "quantity": 315, "material": 247, "station": 7, "user": null, "is_complete": false}}, {"model": "choochoo_app.Order", "pk": 81, "fields": {"time_added": "2022-04-13 17:21:59", "time_of_departure": "2022-04-13 17:21:59", "quantity": 51, "material": 219, "station": 7, "user": null, "is_complete": false}}, {"model": "choochoo_app.Order", "pk": 82, "fields": {"time_added": "2022-04-13 17:47:54", "time_of_departure": "2022-04-13 17:47:54", "quantity": 679, "material": 371, "station": 1, "user": null, "is_complete": false}}, {"model": "choochoo_app.Order", "pk": 83, "fields": {"time_added": "2022-04-13 17:31:21", "time_of_departure": "2022-04-13 17:31:21", "quantity": 174, "material": 317, "station": 3, "user": null, "is_complete": false}}, {"model": "choochoo_app.Order", "pk": 84, "fields": {"time_added": "2022-04-13 18:07:05", "time_of_departure": "2022-04-13 18:07:05", "quantity": 608, "material": 49, "station": 1, "user": null, "is_complete": false}}, {"model": "choochoo_app.Order", "pk": 85, "fields": {"time_added": "2022-04-13 16:56:41", "time_of_departure": "2022-04-13 16:56:41", "quantity": 72, "material": 465, "station": 4, "user": null, "is_complete": false}}, {"model": "choochoo_app.Order", "pk": 86, "fields": {"time_added": "2022-04-13 17:42:37", "time_of_departure": "2022-04-13 17:42:37", "quantity": 874, "material": 173, "station": 8, "user": null, "is_complete": false}}, {"model": "choochoo_app.Order", "pk": 87, "fields": {"time_added": "2022-04-13 17:52:17", "time_of_departure": "2022-04-13 17:52:17", "quantity": 665, "material": 242, "station": 9, "user": null, "is_complete": false}}, {"model": "choochoo_app.Order", "pk": 88, "fields": {"time_added": "2022-04-13 18:04:35", "time_of_departure": "2022-04-13 18:04:35", "quantity": 448, "material": 106, "station": 3, "user": null, "is_complete": false}}, {"model": "choochoo_app.Order", "pk": 89, "fields": {"time_added": "2022-04-13 18:08:46", "time_of_departure": "2022-04-13 18:08:46", "quantity": 756, "material": 299, "station": 9, "user": null, "is_complete": false}}, {"model": "choochoo_app.Order", "pk": 90, "fields": {"time_added": "2022-04-13 16:53:59", "time_of_departure": "2022-04-13 16:53:59", "quantity": 803, "material": 328, "station": 9, "user": null, "is_complete": false}}, {"model": "choochoo_app.Order", "pk": 91, "fields": {"time_added": "2022-04-13 17:34:41", "time_of_departure": "2022-04-13 17:34:41", "quantity": 150, "material": 197, "station": 9, "user": null, "is_complete": false}}, {"model": "choochoo_app.Order", "pk": 92, "fields": {"time_added": "2022-04-13 17:47:12", "time_of_departure": "2022-04-13 17:47:12", "quantity": 481, "material": 396, "station": 9, "user": null, "is_complete": false}}, {"model": "choochoo_app.Order", "pk": 93, "fields": {"time_added": "2022-04-13 17:16:22", "time_of_departure": "2022-04-13 17:16:22", "quantity": 790, "material": 88, "station": 8, "user": null, "is_complete": false}}, {"model": "choochoo_app.Order", "pk": 94, "fields": {"time_added": "2022-04-13 17:49:20", "time_of_departure": "2022-04-13 17:49:20", "quantity": 891, "material": 229, "station": 7, "user": null, "is_complete": false}}, {"model": "choochoo_app.Order", "pk": 95, "fields": {"time_added": "2022-04-13 17:15:17", "time_of_departure": "2022-04-13 17:15:17", "quantity": 710, "material": 89, "station": 3, "user": null, "is_complete": false}}, {"model": "choochoo_app.Order", "pk": 96, "fields": {"time_added": "2022-04-13 17:40:28", "time_of_departure": "2022-04-13 17:40:28", "quantity": 865, "material": 491, "station": 2, "user": null, "is_complete": false}}, {"model": "choochoo_app.Order", "pk": 97, "fields": {"time_added": "2022-04-13 16:53:42", "time_of_departure": "2022-04-13 16:53:42", "quantity": 502, "material": 314, "station": 7, "user": null, "is_complete": false}}, {"model": "choochoo_app.Order", "pk": 98, "fields": {"time_added": "2022-04-13 17:28:30", "time_of_departure": "2022-04-13 17:28:30", "quantity": 55, "material": 94, "station": 4, "user": null, "is_complete": false}}, {"model": "choochoo_app.Order", "pk": 99, "fields": {"time_added": "2022-04-13 16:59:40", "time_of_departure": "2022-04-13 16:59:40", "quantity": 637, "material": 409, "station": 6, "user": null, "is_complete": false}}]